importance_rank,feature,global_mean_abs_shap_mean,global_mean_abs_shap_std,normalized_disparity_mean,normalized_disparity_std,abs_normalized_disparity_mean,abs_normalized_disparity_p95,positive_seed_fraction,negative_seed_fraction
1,PAYMENT_DEFERRAL_TYPE,3.6841664722313663,0.1165080336776226,-0.0175649696797679,0.0266474615955588,0.0270885090639794,0.0539824666532527,0.2333333333333333,0.7666666666666667
2,SCHOLARSHIP_NAME,2.231858000375332,0.2291944432467683,0.0506166914769008,0.0248790772190771,0.0506166914769008,0.093660527061719,1.0,0.0
3,ONLINE_ADMISSION_TYPE,1.451055100448691,0.1764906571227245,-0.0315367373434643,0.0338943475837168,0.0385110508471189,0.072685328223414,0.1,0.9
4,DEGREE_PROGRAM,1.2095729648404754,0.0605949404283016,-0.0642799626260762,0.038494277066982,0.0657697972194968,0.12109594205643,0.0666666666666666,0.9333333333333332
5,CURRICULUM_YEAR,0.7413883831600326,0.0251531763797679,-0.4344205814431927,0.0479830762536636,0.4344205814431927,0.5268426674152707,0.0,1.0
6,INSTITUTION_TYPE,0.6260566236707199,0.0460826840139785,-0.0819519608279661,0.0402694437945351,0.0831296407431385,0.1382795511138979,0.0333333333333333,0.9666666666666668
7,PAYMENT_PLAN,0.2865964975742578,0.0891251515883384,0.0109326194439738,0.0247254847734737,0.0217878450527126,0.0465692719269311,0.7,0.3
8,AGE,0.2466054867447706,0.0468293692098389,0.0597713342949677,0.0393304213277273,0.0598134317203687,0.1335510662185199,0.9666666666666668,0.0333333333333333
9,MARITAL_STATUS,0.1581180144636511,0.0487721243398839,0.0118274276736076,0.0334855087752115,0.0283875440971182,0.0618740188981066,0.6333333333333333,0.3666666666666666
10,REGION,0.0769458243712508,0.035971564239388,0.0080006658669314,0.069597768521745,0.0576255525151826,0.134001446059127,0.5333333333333333,0.4666666666666667
11,ETHNICITY,0.071028965921328,0.0238133431017689,-0.0752677054827981,0.0994736570591597,0.099115160976608,0.2512449175378127,0.2666666666666666,0.7333333333333333
12,TRANSFER_STUDENT_FLAG,0.0338426336372846,0.0045957317062581,-0.0837545092565672,0.1389454789686844,0.1244440121554329,0.3266777898691369,0.2666666666666666,0.7333333333333333
13,NATIONALITY_COUNTRY,0.0311847579585715,0.0051122007594429,-0.1078401157247568,0.1967686085298002,0.1712536083570281,0.4115629156246613,0.2333333333333333,0.7666666666666667
14,DISABILITY,0.010610261396457,0.0041412347183805,0.2673423329477033,0.2871695408800775,0.3284001479958907,0.613339358069629,0.8666666666666667,0.1333333333333333
