model,gender_mode,threshold,predictor_count,n_seeds,accuracy_mean,balanced_accuracy_mean,balanced_accuracy_std,macro_f1_mean,f1_class1_mean,roc_auc_mean,average_precision_mean,brier_score_mean,demographic_parity_difference_mean,equal_opportunity_difference_mean,fpr_difference_mean,equalized_odds_difference_mean,equalized_odds_difference_p95,equalized_odds_difference_max,ba_loss_from_best,performance_eligible
LogisticRegression,gender_aware,0.3,15,30,0.9607387862796833,0.9416827450076247,0.009536902503194724,0.849230176346479,0.9788898719087891,0.9907464934385537,0.9994429299250566,0.03984435717116833,0.027934816644536006,0.008576421618580658,0.04634173924893056,0.04683888669478784,0.11048572228443446,0.15253496503496503,0.009647184346549542,True
LogisticRegression,gender_aware,0.325,15,30,0.958047493403694,0.9439008145011131,0.009145836246759739,0.8425537170341452,0.9774000524559302,0.9907464934385537,0.9994429299250566,0.03984435717116833,0.028493311222588257,0.009022048390405246,0.044793828022345855,0.045143273766132495,0.10541685977896798,0.13690996503496503,0.007429114853061192,True
LogisticRegression,gender_aware,0.35,15,30,0.9552242744063324,0.9458215189549146,0.008658398760448067,0.8357489736326217,0.9758324946107836,0.9907464934385537,0.9994429299250566,0.03984435717116833,0.02849159782554892,0.00897299971676376,0.04335667541161275,0.04339732923846866,0.10242034001832434,0.12128496503496503,0.0055084103992596445,True
LogisticRegression,gender_aware,0.375,15,30,0.9528583992963939,0.9478323789697549,0.008353030737743107,0.8303804845978083,0.9745126925913895,0.9907464934385537,0.9994429299250566,0.03984435717116833,0.02789182500216247,0.008933524728767461,0.03646803679568196,0.037382171451793886,0.10005946927279513,0.11265297202797203,0.0034975503844193456,True
LogisticRegression,gender_aware,0.4,15,30,0.9500879507475813,0.9499327204013586,0.007182187896876575,0.8242482326389617,0.9729627589014452,0.9907464934385537,0.9994429299250566,0.03984435717116833,0.026692208370515377,0.008336407331542924,0.03158837855949883,0.03291877610191329,0.09833364004416635,0.10090264345583494,0.0013972089528156983,True
LogisticRegression,gender_aware,0.425,15,30,0.9470888302550571,0.9510017559211215,0.006697807925004916,0.8175708025592192,0.971282805851411,0.9907464934385537,0.9994429299250566,0.03984435717116833,0.026185691260693186,0.007979787573878468,0.02744024647058515,0.02884516924568832,0.07313885949576734,0.10090264345583494,0.000328173433052803,True
LogisticRegression,gender_aware,0.45,15,30,0.9443007915567282,0.9510444741966786,0.006277879563717151,0.8113886225651991,0.9697179785042805,0.9907464934385537,0.9994429299250566,0.03984435717116833,0.02575267995431176,0.007597783265371264,0.02465787944384278,0.026032101607578812,0.0701575384302148,0.08140297202797203,0.0002854551574956732,True
LogisticRegression,gender_aware,0.475,15,30,0.9416182937554968,0.9509912842133837,0.005752673525685195,0.8056162270081254,0.9682077532546624,0.9907464934385537,0.9994429299250566,0.03984435717116833,0.025673735119237588,0.008119415585921523,0.022425161080825887,0.024589956446337345,0.07179386438030054,0.07619617224880382,0.00033864514079051666,True
LogisticRegression,gender_aware,0.5,15,30,0.9391292875989447,0.9510404293310287,0.005374620058000816,0.8004593392541604,0.9668011757797235,0.9907464934385537,0.9994429299250566,0.03984435717116833,0.026291170617525096,0.008767853540928542,0.021621526816722785,0.023681503557057306,0.05165261580307107,0.07619617224880382,0.00028950002314553913,True
LogisticRegression,gender_aware,0.525,15,30,0.9365787159190853,0.9512087406850115,0.0053277949047085575,0.7953279896407911,0.965355405390013,0.9907464934385537,0.9994429299250566,0.03984435717116833,0.02793170787832493,0.010076335241275955,0.0191540794384476,0.022560315222036498,0.05165261580307107,0.07619617224880382,0.00012118866916277504,True
LogisticRegression,gender_aware,0.55,15,30,0.9337115215479331,0.9506026849818183,0.004874553669320405,0.7895368773672702,0.9637282788181856,0.9907464934385537,0.9994429299250566,0.03984435717116833,0.029026222775046642,0.011255152543059362,0.019772600781202153,0.023201377529272007,0.05165261580307107,0.0645933014354067,0.0007272443723559396,True
LogisticRegression,gender_aware,0.575,15,30,0.9312576956904134,0.9505187090766337,0.004258686129704649,0.7848337880570923,0.9623291606296431,0.9907464934385537,0.9994429299250566,0.03984435717116833,0.030234716968436607,0.01261324430100493,0.020507471346979278,0.024396234904248224,0.052655202134374295,0.0645933014354067,0.0008112202775405475,True
LogisticRegression,gender_aware,0.6,15,30,0.9286279683377309,0.9507968834759597,0.0038478255608755275,0.7800447471949552,0.9608225756265604,0.9907464934385537,0.9994429299250566,0.03984435717116833,0.031243282814811778,0.013481240140017118,0.020977579650903515,0.025139647285527155,0.04545628361465312,0.0645933014354067,0.0005330458782145664,True
LogisticRegression,gender_aware,0.625,15,30,0.9261213720316622,0.950381543188154,0.003832965887363205,0.775400337343866,0.9593861800456608,0.9907464934385537,0.9994429299250566,0.03984435717116833,0.032584889125552755,0.014504050843635508,0.019781915543278895,0.024457744750497775,0.04631574873296102,0.0645933014354067,0.0009483861660202209,True
LogisticRegression,gender_aware,0.65,15,30,0.9238522427440632,0.950243523383593,0.0042290106055724724,0.7713685265431492,0.9580804795826589,0.9907464934385537,0.9994429299250566,0.03984435717116833,0.03384580553324148,0.015868628132507976,0.01819540486782999,0.02382119142412662,0.04251855126690603,0.0645933014354067,0.0010864059705812945,True
LogisticRegression,gender_aware,0.675,15,30,0.9214072119613017,0.9500883353714964,0.004234310581517348,0.7671150852188926,0.9566698446518456,0.9907464934385537,0.9994429299250566,0.03984435717116833,0.03430018994150541,0.016490034627693773,0.017586862472886544,0.02193594430367617,0.03987030780509003,0.05299043062200957,0.0012415939826778688,True
LogisticRegression,gender_aware,0.7,15,30,0.9186367634124889,0.9496093109211822,0.003949733239057861,0.7623712359074151,0.9550665716832578,0.9907464934385537,0.9994429299250566,0.03984435717116833,0.03524492201959858,0.01713133139978754,0.015489352323645242,0.021633660796473695,0.03769966685399505,0.04032639545884579,0.0017206184329920937,True
LogisticRegression,gender_blind,0.3,14,30,0.9608091468777484,0.9420992762836493,0.009553671769585605,0.8495366405134371,0.9789272641075236,0.9907922228918722,0.9994455062437368,0.03984145239122487,0.025661864595707073,0.005702222300170149,0.04137172866696235,0.041632195333543114,0.09934337778682673,0.12292395104895104,0.009230653070524952,True
LogisticRegression,gender_blind,0.325,14,30,0.9580562884784521,0.9436778749893822,0.009381725033624253,0.8425441719144328,0.977405107954556,0.9907922228918722,0.9994455062437368,0.03984145239122487,0.025576787071749492,0.005753046756359048,0.037334852407322726,0.037576226489257195,0.08349529582259836,0.10283687943262411,0.007652054364792105,True
LogisticRegression,gender_blind,0.35,14,30,0.9551187335092349,0.946069154618585,0.008466985758482298,0.8355288783950925,0.975773552533774,0.9907922228918722,0.9994455062437368,0.03984145239122487,0.02564444231275955,0.006183177287316799,0.034471652548004474,0.034943158261621025,0.07987637362637355,0.10186976144422953,0.00526077473558928,True
LogisticRegression,gender_blind,0.375,14,30,0.9525769569041338,0.9486697560451641,0.008252170071969076,0.8298545631055491,0.9743543892968423,0.9907922228918722,0.9994455062437368,0.03984145239122487,0.025080548619454603,0.005609314165363588,0.027750109679893463,0.028700404033276436,0.06815762362637358,0.08671824629271437,0.0026601733090101387,True
LogisticRegression,gender_blind,0.4,14,30,0.9497185576077397,0.949964944497702,0.007538336569670112,0.8233551527468782,0.9727571589600984,0.9907922228918722,0.9994455062437368,0.03984145239122487,0.02392327243158538,0.00497824562194031,0.0242069642750176,0.025190725854535544,0.06295345279720271,0.08671824629271437,0.0013649848564722955,True
LogisticRegression,gender_blind,0.425,14,30,0.9468953386103781,0.95112701192741,0.006749152509687711,0.8171503011800583,0.9711741480980701,0.9907922228918722,0.9994455062437368,0.03984145239122487,0.023303307459322686,0.005197522304605181,0.022591546116271136,0.023366236115015693,0.05003030686418845,0.07059961315280464,0.00020291742676425972,True
LogisticRegression,gender_blind,0.45,14,30,0.9440281442392263,0.9511278658434913,0.006430319703502656,0.8108044317129935,0.9695646358892014,0.9907922228918722,0.9994455062437368,0.03984145239122487,0.0233699752199824,0.005475611050277318,0.021753158044468264,0.022638954034471706,0.057239890044166325,0.07059961315280464,0.00020206351068297046,True
LogisticRegression,gender_blind,0.475,14,30,0.9415479331574318,0.9511057988542245,0.005883916666678781,0.8054844511532911,0.9681679584644666,0.9907922228918722,0.9994455062437368,0.03984145239122487,0.02409386501020585,0.0061106101483102285,0.01971813260531913,0.020709901080168222,0.04780646195691724,0.06961722488038277,0.00022413049994973733,True
LogisticRegression,gender_blind,0.5,14,30,0.9391029023746701,0.9513299293541743,0.005293964414204164,0.8004750939690016,0.9667851031589836,0.9907922228918722,0.9994455062437368,0.03984145239122487,0.02476247548343973,0.007223398969160499,0.018840124705753247,0.020547847012511743,0.04340061842131378,0.05801435406698565,0.0,True
LogisticRegression,gender_blind,0.525,14,30,0.9365259454705365,0.951180831112028,0.005106282790270161,0.7952287643097293,0.9653252783338719,0.9907922228918722,0.9994455062437368,0.03984145239122487,0.025799619378617578,0.008153772573685025,0.01783586284154297,0.02018584369436043,0.04340061842131378,0.05801435406698565,0.00014909824214626166,True
LogisticRegression,gender_blind,0.55,14,30,0.9339138082673701,0.9509372627854834,0.004917585818703372,0.7900180913951466,0.9638418702890532,0.9907922228918722,0.9994455062437368,0.03984145239122487,0.026855903440686175,0.008912882499225117,0.017108577867473097,0.0199740043076811,0.04306024332810044,0.0645933014354067,0.00039266656869085814,True
LogisticRegression,gender_blind,0.575,14,30,0.9312576956904134,0.950594572779043,0.004206522038664334,0.7848432947333961,0.9623292443467993,0.9907922228918722,0.9994455062437368,0.03984145239122487,0.027854790929611233,0.010608070156239147,0.01956113269162563,0.02271899647149428,0.04306024332810044,0.0645933014354067,0.0007353565751312408,True
LogisticRegression,gender_blind,0.6,14,30,0.9286015831134565,0.9508587923918773,0.004071599768124538,0.7800072270324172,0.9608074103616785,0.9907922228918722,0.9994455062437368,0.03984145239122487,0.02919352276341957,0.011864324999491605,0.018439601990420506,0.021792261404286296,0.03864355984312687,0.0645933014354067,0.00047113696229694746,True
LogisticRegression,gender_blind,0.625,14,30,0.9261653474054529,0.9507841196776872,0.004277976873943779,0.775587153665504,0.959409117639512,0.9907922228918722,0.9994455062437368,0.03984145239122487,0.03071657894883286,0.01286370304455617,0.017044470814752168,0.021390630536877193,0.03901084268678207,0.046411483253588515,0.0005458096764870968,True
LogisticRegression,gender_blind,0.65,14,30,0.9238170624450307,0.9505283718112416,0.004233752183516026,0.7713755194266134,0.9580589219583228,0.9907922228918722,0.9994455062437368,0.03984145239122487,0.031930448703092765,0.013782913239009036,0.016053492859858423,0.020263937824638485,0.037224980169747915,0.04032639545884579,0.0008015575429326516,True
LogisticRegression,gender_blind,0.675,14,30,0.9213720316622692,0.9502973200967354,0.004392210301688254,0.7671048725497994,0.95664862843265,0.9907922228918722,0.9994455062437368,0.03984145239122487,0.03247341486870167,0.014190301012230962,0.016049160336686633,0.02066827811983148,0.03604644565192091,0.04032639545884579,0.0010326092574388657,True
LogisticRegression,gender_blind,0.7,14,30,0.918830255057168,0.9497875097245313,0.004318863527308364,0.7627150240402388,0.955178829742134,0.9907922228918722,0.9994455062437368,0.03984145239122487,0.03330006621651413,0.014948870383537738,0.014176051360137972,0.019820541491539372,0.03590974863396135,0.04032639545884579,0.001542419629642966,True
RandomForestClassifier,gender_aware,0.3,15,30,0.9813280562884785,0.863508143438127,0.01148856467915098,0.9002910307251829,0.9901803942096451,0.9812511937971536,0.9983515011479466,0.015410827828119238,0.022774379240969773,0.003230167870739694,0.07781181204206344,0.07786319975103856,0.15005178623103663,0.2331781633516716,0.08782178591604728,False
RandomForestClassifier,gender_aware,0.325,15,30,0.9813720316622692,0.8688418605842674,0.011004888202970702,0.9016550143270491,0.9901973821810274,0.9812511937971536,0.9983515011479466,0.015410827828119238,0.023052288081409085,0.003368926492356787,0.07632329532199608,0.07632329532199608,0.16414827977150828,0.26195514176893775,0.08248806876990689,False
RandomForestClassifier,gender_aware,0.35,15,30,0.9812752858399296,0.8736459699879957,0.011805512223577633,0.9022665926417613,0.9901401893460007,0.9812511937971536,0.9983515011479466,0.015410827828119238,0.02349215374501046,0.003284969963466041,0.08211238782721288,0.08220149506499401,0.17047274807572288,0.2544435040203131,0.07768395936617856,False
RandomForestClassifier,gender_aware,0.375,15,30,0.9808707124010553,0.8787424557637763,0.012579777241937793,0.901661783267088,0.9899184360081915,0.9812511937971536,0.9983515011479466,0.015410827828119238,0.024477699988520143,0.003935639361384502,0.08787948902869008,0.08787948902869008,0.18162118998822654,0.2544435040203131,0.07258747359039797,False
RandomForestClassifier,gender_aware,0.4,15,30,0.9806420404573438,0.8830974727229991,0.012901975566770797,0.9016226281377328,0.9897911812213687,0.9812511937971536,0.9983515011479466,0.015410827828119238,0.02499660753030144,0.004488486795740324,0.0882081692522476,0.0882081692522476,0.19547567915231323,0.23973762166737198,0.06823245663117516,False
RandomForestClassifier,gender_aware,0.425,15,30,0.980255057167986,0.8866859876415873,0.01317355154957566,0.9008038505910296,0.9895800667496771,0.9812511937971536,0.9983515011479466,0.015410827828119238,0.025073405402845375,0.004241238287749127,0.08948374735696671,0.08949758057144505,0.198784502681725,0.21752010156580615,0.06464394171258692,False
RandomForestClassifier,gender_aware,0.45,15,30,0.9801055408970977,0.8905518230434198,0.013951853835622773,0.9010029633412783,0.9894951952216225,0.9812511937971536,0.9983515011479466,0.015410827828119238,0.02583063484066861,0.004657857021677174,0.09222257468807718,0.09231954007372528,0.198784502681725,0.21752010156580615,0.06077810631075442,False
RandomForestClassifier,gender_aware,0.475,15,30,0.9799736147757259,0.8934407335049256,0.01463982728025152,0.9010587864943214,0.9894209921065208,0.9812511937971536,0.9983515011479466,0.015410827828119238,0.02599803566105596,0.0045242109895750945,0.09161836333596275,0.09161836333596275,0.19382452001008607,0.2247143461701227,0.057889195849248676,False
RandomForestClassifier,gender_aware,0.5,15,30,0.9796657871591907,0.8959331572468486,0.0148930923912781,0.9003527767435242,0.9892530984564544,0.9812511937971536,0.9983515011479466,0.015410827828119238,0.025690560427977693,0.004381741775020183,0.08925458079904401,0.08925458079904401,0.18326452759197326,0.21720270842149808,0.05539677210732563,False
RandomForestClassifier,gender_aware,0.525,15,30,0.9794283201407213,0.89846279375275,0.01517413470767294,0.8999330493815699,0.989122665896506,0.9812511937971536,0.9983515011479466,0.015410827828119238,0.025915917209447515,0.0046114158208717965,0.09355622683527555,0.09355622683527555,0.18905518091581158,0.21720270842149808,0.05286713560142431,False
RandomForestClassifier,gender_aware,0.55,15,30,0.9789885664028144,0.8995957606212553,0.015007780549076923,0.8984721143840931,0.9888855942161804,0.9812511937971536,0.9983515011479466,0.015410827828119238,0.025830893153761955,0.004561455426502285,0.09442491847100527,0.09442491847100527,0.18384981187290964,0.21720270842149808,0.05173416873291892,False
RandomForestClassifier,gender_aware,0.575,15,30,0.9787950747581355,0.9025279736166898,0.015219942130193955,0.8983347723863405,0.9887777823308058,0.9812511937971536,0.9983515011479466,0.015410827828119238,0.025951611801480794,0.004943378385764185,0.09123045170317597,0.09123045170317597,0.17676589159852552,0.2243969530258146,0.04880195573748447,False
RandomForestClassifier,gender_aware,0.6,15,30,0.9786543535620054,0.9051087776730606,0.014652454120918413,0.8983327588508473,0.9886986767063022,0.9812511937971536,0.9983515011479466,0.015410827828119238,0.026052585797070323,0.004865398238600501,0.09196461522612058,0.09196461522612058,0.17789855072463767,0.24597968683876426,0.046221151681113626,False
RandomForestClassifier,gender_aware,0.625,15,30,0.9783201407211964,0.9071320644140359,0.014372432751790658,0.8974872712012665,0.9885165012785725,0.9812511937971536,0.9983515011479466,0.015410827828119238,0.026338479449080514,0.004949210634999483,0.0916181116000322,0.0916181116000322,0.17296914386649248,0.2531739314430808,0.04419786494013833,False
RandomForestClassifier,gender_aware,0.65,15,30,0.9780211081794195,0.909553276049047,0.013939629910695563,0.8968603411333815,0.9883524835466457,0.9812511937971536,0.9983515011479466,0.015410827828119238,0.02620298188150821,0.00508823951491358,0.08722690265114107,0.08722690265114107,0.1703370040540457,0.26036817604739737,0.041776653305127254,False
RandomForestClassifier,gender_aware,0.675,15,30,0.9773614775725593,0.9113285900542148,0.014235860810152162,0.894776274421608,0.9879955543679205,0.9812511937971536,0.9983515011479466,0.015410827828119238,0.026493412410707334,0.005384456341167957,0.08584028040326898,0.08584028040326898,0.14803636396383413,0.26036817604739737,0.040001339299959415,False
RandomForestClassifier,gender_aware,0.7,15,30,0.9768689533861038,0.9146336947196079,0.014897421675186599,0.8936488914252603,0.9877256751577898,0.9812511937971536,0.9983515011479466,0.015410827828119238,0.02676900850384658,0.005588592700246934,0.08509969352580961,0.08509969352580961,0.14803636396383416,0.25285653829877275,0.036696234634566394,False
RandomForestClassifier,gender_blind,0.3,14,30,0.980905892700088,0.8711746919048307,0.01326327106590029,0.9001766171834495,0.9899464992266087,0.9787165910950935,0.9980200272092452,0.016141326505183722,0.022056031173848568,0.003242747256625578,0.05884970261246622,0.05884970261246622,0.13878057346637365,0.14630681818181818,0.08015523744934361,False
RandomForestClassifier,gender_blind,0.325,14,30,0.9808003518029905,0.875367240093787,0.013141697595124137,0.9006632251086948,0.9898849937345836,0.9787165910950935,0.9980200272092452,0.016141326505183722,0.022169192288574373,0.0030310553713643923,0.05838911260963595,0.058443106584517415,0.13245812251533937,0.14560894780447392,0.0759626892603873,False
RandomForestClassifier,gender_blind,0.35,14,30,0.9807563764291996,0.8812613509042294,0.012699426576243778,0.9017204740673359,0.9898543320527868,0.9787165910950935,0.9980200272092452,0.016141326505183722,0.02234880041439604,0.00315986285027412,0.05878608952840622,0.05878815983986597,0.14757976398601397,0.15358326429163213,0.07006857844994485,False
RandomForestClassifier,gender_blind,0.375,14,30,0.9801143359718556,0.8865356984112218,0.012809179104115736,0.9002408707506516,0.9895048905096623,0.9787165910950935,0.9980200272092452,0.016141326505183722,0.022572018577556037,0.0033002341820528897,0.05980591212435681,0.05980591212435681,0.14105033972862263,0.15002185314685315,0.06479423094295245,False
RandomForestClassifier,gender_blind,0.4,14,30,0.9795778364116096,0.8906520458256312,0.012868744355186793,0.8989581209886081,0.9892128674448056,0.9787165910950935,0.9980200272092452,0.016141326505183722,0.022734127253290427,0.003312016639978277,0.060069927637729316,0.06024818767657833,0.14503933566433566,0.15420463960231978,0.060677883528543086,False
RandomForestClassifier,gender_blind,0.425,14,30,0.9790941072999122,0.8951756213250712,0.012605381574814301,0.8980157090516709,0.9889479525733815,0.9787165910950935,0.9980200272092452,0.016141326505183722,0.02284701267581103,0.0033058651037008633,0.060050412828592845,0.06017690245428119,0.12919867960986375,0.16953189726594864,0.05615430802910304,False
RandomForestClassifier,gender_blind,0.45,14,30,0.9787950747581355,0.897748560364901,0.012731257079050292,0.8973909051568342,0.9887843170938002,0.9787165910950935,0.9980200272092452,0.016141326505183722,0.02258088995688006,0.0031679950116890103,0.06131443818089489,0.061418390055850744,0.13238475321390764,0.1479458041958042,0.05358136898927324,False
RandomForestClassifier,gender_blind,0.475,14,30,0.9785224274406333,0.9004113178936318,0.01288087004755623,0.896902768787189,0.988634462022171,0.9787165910950935,0.9980200272092452,0.016141326505183722,0.022889137423788352,0.0032595899413809136,0.06521294648268698,0.06530933629711147,0.12992349879327106,0.14630681818181818,0.05091861146054244,False
RandomForestClassifier,gender_blind,0.5,14,30,0.978328935795954,0.9024331664601538,0.013203047273996564,0.8965778705177001,0.9885279112381642,0.9787165910950935,0.9980200272092452,0.016141326505183722,0.022985009920754654,0.0031946356783694174,0.06807726880947967,0.06818913370901711,0.12992349879327106,0.14630681818181818,0.04889676289402045,False
RandomForestClassifier,gender_blind,0.525,14,30,0.9779595426561125,0.9040585283070934,0.01345706971908076,0.8955230856377231,0.988327431828394,0.9787165910950935,0.9980200272092452,0.016141326505183722,0.022997291947284042,0.0031831617331356385,0.06736119447367185,0.06736119447367185,0.13943400349650342,0.15606876553438276,0.04727140104708083,False
RandomForestClassifier,gender_blind,0.55,14,30,0.977669305189094,0.9053464360014616,0.01340526718830179,0.8947034261527251,0.9881697722771821,0.9787165910950935,0.9980200272092452,0.016141326505183722,0.022987178139441313,0.003437570209031249,0.06717315520498589,0.06717315520498589,0.14410377384111323,0.16029283216783216,0.04598349335271268,False
RandomForestClassifier,gender_blind,0.575,14,30,0.9773790677220756,0.9067860711006482,0.013569513108351347,0.8939246885364779,0.9880117738419727,0.9787165910950935,0.9980200272092452,0.016141326505183722,0.023114507486715074,0.003741300521693114,0.06944795357315556,0.06947353007405513,0.139504148114727,0.16029283216783216,0.044543858253526025,False
RandomForestClassifier,gender_blind,0.6,14,30,0.9771679859278806,0.907888252047264,0.013445279089886155,0.8933705384588873,0.9878967491432729,0.9787165910950935,0.9980200272092452,0.016141326505183722,0.02313759592000911,0.0037503980224048955,0.068106138037496,0.06817585173837469,0.13026525521414928,0.14466783216783216,0.04344167730691029,False
RandomForestClassifier,gender_blind,0.625,14,30,0.9769393139841687,0.9093604483149313,0.012341024391894367,0.8928480035732116,0.9877715654235089,0.9787165910950935,0.9980200272092452,0.016141326505183722,0.02333839079872587,0.003929419267571051,0.0659184992521845,0.06601803768303088,0.12251877634090987,0.17263986013986013,0.04196948103924292,False
RandomForestClassifier,gender_blind,0.65,14,30,0.9766666666666667,0.9111128414147501,0.011496298233968501,0.8922353368498946,0.9876221574125172,0.9787165910950935,0.9980200272092452,0.016141326505183722,0.023404660945225378,0.003831512157483082,0.06406165329603747,0.06412981829223448,0.11498497592545896,0.15701486013986013,0.040217087939424134,False
RandomForestClassifier,gender_blind,0.675,14,30,0.9762181178540016,0.9133791122238987,0.01119725159963781,0.8911029494624922,0.9873770885365578,0.9787165910950935,0.9980200272092452,0.016141326505183722,0.023706148995607114,0.003727721901718713,0.06830700563639985,0.06830700563639985,0.12957363747703612,0.16400786713286714,0.037950817130275594,False
RandomForestClassifier,gender_blind,0.7,14,30,0.9757519788918205,0.9150291702227779,0.010730473574112017,0.8897850632135736,0.9871234148337534,0.9787165910950935,0.9980200272092452,0.016141326505183722,0.023727506488813048,0.0036426127820037993,0.06816901874244644,0.06827257782203856,0.12957363747703612,0.1710008741258741,0.03630075913139641,False
