seed,female_label,male_label,female_n,male_n,gedi,weighted_gedi,reconstruction_error,id_overlap
0,Female,Male,2263,1527,0.09961125566975182,0.07682599658210211,5.329070518200751e-15,0
1,Female,Male,2209,1581,0.10699090135915187,0.0694240096536505,5.329070518200751e-15,0
2,Female,Male,2228,1562,0.1034907127560705,0.061160084698167645,5.329070518200751e-15,0
3,Female,Male,2211,1579,0.1327368806920963,0.05489260387792622,5.329070518200751e-15,0
4,Female,Male,2250,1540,0.11775969197136345,0.05672833409601405,7.105427357601002e-15,0
5,Female,Male,2250,1540,0.12877256791114144,0.08656123284958289,3.552713678800501e-15,0
6,Female,Male,2246,1544,0.11728638424038698,0.06965889719460773,5.329070518200751e-15,0
7,Female,Male,2269,1521,0.13022583448974445,0.09142546614806264,1.0658141036401503e-14,0
8,Female,Male,2249,1541,0.12882611845461212,0.06574610312394615,5.329070518200751e-15,0
9,Female,Male,2260,1530,0.08190074573693311,0.0734880555484109,6.217248937900877e-15,0
10,Female,Male,2278,1512,0.13426450097518625,0.09129469599324018,5.329070518200751e-15,0
11,Female,Male,2250,1540,0.1158324350998414,0.09309117473140363,5.329070518200751e-15,0
12,Female,Male,2227,1563,0.10422983612435491,0.05726600876566713,3.552713678800501e-15,0
13,Female,Male,2308,1482,0.08254037099913782,0.05340671175793326,5.329070518200751e-15,0
14,Female,Male,2283,1507,0.1266765949033467,0.07621032742284178,5.329070518200751e-15,0
15,Female,Male,2279,1511,0.07836711558482616,0.08716311925096791,3.552713678800501e-15,0
16,Female,Male,2317,1473,0.12316001753828168,0.06620104194236423,3.552713678800501e-15,0
17,Female,Male,2248,1542,0.10834672062266444,0.061144249530003546,5.329070518200751e-15,0
18,Female,Male,2270,1520,0.08575228080289048,0.07843537884337277,7.105427357601002e-15,0
19,Female,Male,2197,1593,0.1203015286507771,0.06803628427465237,5.329070518200751e-15,0
20,Female,Male,2254,1536,0.11222553268806786,0.05735951006089814,5.329070518200751e-15,0
21,Female,Male,2289,1501,0.13536379460063913,0.07268455394347835,5.329070518200751e-15,0
22,Female,Male,2306,1484,0.11565445144436572,0.07426084291137919,5.329070518200751e-15,0
23,Female,Male,2242,1548,0.10786843982483599,0.06601774868700083,5.329070518200751e-15,0
24,Female,Male,2270,1520,0.09019714919434611,0.07546504788519082,5.329070518200751e-15,0
25,Female,Male,2267,1523,0.15199864603825394,0.08459560446635807,7.105427357601002e-15,0
26,Female,Male,2288,1502,0.10725452151652497,0.07453670153146388,5.329070518200751e-15,0
27,Female,Male,2258,1532,0.1295711843700188,0.046243557967636524,7.105427357601002e-15,0
28,Female,Male,2256,1534,0.15351456677591074,0.0722153874381464,7.105427357601002e-15,0
29,Female,Male,2254,1536,0.07720116253055541,0.06766048099990114,7.105427357601002e-15,0
