seed,feature,feature_type,global_mean_shap,global_mean_abs_shap,female_mean_shap,male_mean_shap,female_mean_abs_shap,male_mean_abs_shap,raw_disparity_female_minus_male,normalized_disparity,abs_normalized_disparity,global_importance_weight
0,DEGREE_PROGRAM,categorical,-0.009754088786800723,1.204122075867252,-0.06252405721790393,0.06845052061698895,1.2602429563020583,1.1209514455961684,-0.13097457783489286,-0.10877184337024987,0.10877184337024987,0.1109016110212838
0,CURRICULUM_YEAR,numeric,-0.009325270037533369,0.6945496821070021,-0.11667845643324304,0.14977116795427292,0.6078905864044725,0.8229776674213061,-0.26644962438751596,-0.3836293230733447,0.3836293230733447,0.06396916078837744
0,AGE,numeric,-0.00046933020169859365,0.24019937543998354,0.0034539322977273565,-0.006283569256185107,0.23899975374722587,0.2419772037901585,0.009737501553912464,0.040539245932991554,0.040539245932991554,0.022122755023334627
0,MARITAL_STATUS,categorical,-0.0003067057176229171,0.0871778957715384,-0.0008467394687152279,0.0004936193503023538,0.08988991928501554,0.08315870178920895,-0.0013403588190175817,-0.015374984761391527,0.015374984761391527,0.008029226670847149
0,ETHNICITY,categorical,-0.0027194081425863698,0.05219768690204006,-0.004616145090853048,9.153862488444268e-05,0.051603559933210155,0.053078177622709395,-0.00470768371573749,-0.09018950829320174,0.09018950829320174,0.004807492267635323
0,DISABILITY,categorical,0.0024591504143069414,0.006212744879772233,0.002765839140710899,0.0020046405335916325,0.00590903910184997,0.00666283405818745,0.0007611986071192666,0.12252210928499821,0.12252210928499821,0.0005722039565919658
0,INSTITUTION_TYPE,categorical,-0.00828577908868987,0.7223736748484217,-0.041511114925038034,0.040953864000803,0.7343890431250059,0.7045670092231792,-0.08246497892584104,-0.11415833909388373,0.11415833909388373,0.06653179599116243
0,NATIONALITY_COUNTRY,categorical,-0.00167263557957965,0.030685921117069238,0.00035641538475480837,-0.004679670505768255,0.032685139846009265,0.027723097290227452,0.005036085890523063,0.16411714907660727,0.16411714907660727,0.002826223483282593
0,TRANSFER_STUDENT_FLAG,categorical,0.004574036322776361,0.03157109795903818,0.0030344282452425654,0.006855721378086142,0.030070493750467348,0.03379497963814491,-0.0038212931328435763,-0.12103770156494084,0.12103770156494084,0.0029077497170262806
0,PAYMENT_PLAN,categorical,0.0012002782823466826,0.29598808155679107,0.0013959221196547164,0.0009103359091781077,0.29600879210097153,0.29595738872016625,0.0004855862104766088,0.001640560011479515,0.001640560011479515,0.027260986029265452
0,ONLINE_ADMISSION_TYPE,categorical,-0.011279754827522815,1.4283057032440403,-0.045555251764200354,0.039516217384460525,1.463645228435466,1.3759328509137503,-0.08507146914866087,-0.05956110723036549,0.05956110723036549,0.13154928947429637
0,PAYMENT_DEFERRAL_TYPE,numeric,0.008061124177724373,3.6720779516450297,-0.03918539944081071,0.0780800390099087,3.679032633727061,3.661771176562431,-0.1172654384507194,-0.03193435433422279,0.03193435433422279,0.3382043804319934
0,SCHOLARSHIP_NAME,categorical,0.08406035039411622,2.3560574555476754,0.1335452526857498,0.010724178890538756,2.383134943192005,2.315928867113418,0.12282107379521104,0.05212991453413464,0.05212991453413464,0.21699674203776484
0,REGION,categorical,0.0031376255700137404,0.036051294141025675,0.001845592398889762,0.005052406883866449,0.03489257018835471,0.037768512415356066,-0.0032068144849766874,-0.08895143881471358,0.08895143881471358,0.003320383107138293
1,DEGREE_PROGRAM,categorical,-0.009172865844601408,1.306667583458476,-0.039629402762781686,0.033381523815272325,1.381561092883699,1.2020251025474644,-0.07301092657805401,-0.05587566991201339,0.05587566991201339,0.12192105100391916
1,CURRICULUM_YEAR,numeric,0.014053446317128692,0.7527814787479112,-0.11645062267031155,0.1963959437195638,0.6462935835672406,0.9015681710021605,-0.31284656638987535,-0.41558749148587953,0.41558749148587953,0.07023967704342028
1,AGE,numeric,-0.0020562234442643617,0.28263321634211624,0.006121821649003452,-0.013482726677046525,0.28621935662763887,0.27762260034545533,0.019604548326049978,0.06936392183401209,0.06936392183401209,0.026371618322269284
1,MARITAL_STATUS,categorical,-0.0021129262616102445,0.13888906281844984,-0.0035879495757192483,-5.1998683579439174e-05,0.1376279183082139,0.14065115530618794,-0.003535950892139809,-0.02545881454151549,0.02545881454151549,0.012959302523565572
1,ETHNICITY,categorical,0.0069903997293014,0.05239623920625009,0.0037611523303800764,0.0115023589350038,0.0554496051056211,0.04813002461313712,-0.007741206604623725,-0.14774355415379342,0.14774355415379342,0.004888928625420189
1,DISABILITY,categorical,0.0028655380017156584,0.013077438344095428,0.002394607426664838,0.0035235301840603884,0.013544108067980705,0.012425399495225595,-0.0011289227573955504,-0.08632598584609412,0.08632598584609412,0.001220214726021582
1,INSTITUTION_TYPE,categorical,-0.0010845020370755323,0.6432094580863807,-0.019978819564861545,0.025314958695928733,0.6480468940890902,0.6364505105025747,-0.04529377826079028,-0.07041839589166533,0.07041839589166533,0.06001585570676624
1,NATIONALITY_COUNTRY,categorical,0.0030824252386063354,0.03981750890630004,0.0012476826928827219,0.005645958624755731,0.038007666734417765,0.04234625106803156,-0.004398275931873009,-0.11046085133610911,0.11046085133610911,0.003715246781713924
1,TRANSFER_STUDENT_FLAG,categorical,-0.0008372126115986938,0.03347462922862644,-0.005695961053486953,0.005951513073493419,0.028753257750148642,0.040071409491724705,-0.011647474126980372,-0.3479493095331978,0.3479493095331978,0.0031234125872460997
1,PAYMENT_PLAN,categorical,-0.004145168491633025,0.34667474513310975,0.003230299126548469,-0.014450296871495202,0.3474204664688478,0.345632810641864,0.017680595998043672,0.05100053074605998,0.05100053074605998,0.032347132368029496
1,ONLINE_ADMISSION_TYPE,categorical,-0.017956123431767414,1.3791768803042486,0.005691811672002666,-0.05099741922191854,1.403788475092464,1.3447891428675953,0.05668923089392121,0.041103669662310084,0.041103669662310084,0.12868666590927483
1,PAYMENT_DEFERRAL_TYPE,numeric,-0.026999154942966588,3.6458831356792123,0.027498436404337263,-0.10314411337825521,3.7055507116722857,3.5625145870584793,0.1306425497825925,0.03583289560329101,0.03583289560329101,0.34018591213761434
1,SCHOLARSHIP_NAME,categorical,-0.008610434887153478,2.0109218849410855,0.016001959065273737,-0.042999288929474605,2.0218162301119857,1.9957001211953844,0.059001247994748346,0.029340397773072582,0.029340397773072582,0.18763280944789015
1,REGION,categorical,-0.0007826201842779058,0.0717221940811293,-0.0011240291380905118,-0.0003055978066864356,0.071406828929052,0.07216282761744905,-0.0008184313314040762,-0.01141113070911215,0.01141113070911215,0.0066921728168488235
2,DEGREE_PROGRAM,categorical,0.0022237864570500048,1.2629817141498534,-0.043733402394218315,0.0677760379043155,1.3148821246096343,1.188952191419731,-0.11150944029853381,-0.08829062135202312,0.08829062135202312,0.11534494004943416
2,CURRICULUM_YEAR,numeric,-0.01595970711947818,0.6996197043160424,-0.10974583300154157,0.117814613280817,0.6238368273309565,0.807714614637899,-0.22756044628235855,-0.3252630606006512,0.3252630606006512,0.06389450611013514
2,AGE,numeric,-0.000401257488845131,0.271643279945384,0.0035743725792942225,-0.006072002554027229,0.27212734278986,0.2709528241083246,0.009646375133321452,0.03551118634431498,0.03551118634431498,0.02480849682073413
2,MARITAL_STATUS,categorical,-0.0025519791718826962,0.20291516710771032,-0.0028011920556009068,-0.0021965077858879006,0.20210777951869488,0.20406680574301805,-0.0006046842697130061,-0.0029799855690039716,0.0029799855690039716,0.018531731317198406
2,ETHNICITY,categorical,0.0014358589896371903,0.06742126735634922,0.002950419622819777,-0.0007244746151841743,0.06745121518589967,0.06737855047783162,0.0036748942380039513,0.05450645444827696,0.05450645444827696,0.006157414596069333
2,DISABILITY,categorical,-0.0006047135376997767,0.0029862761712621173,-0.00018216112822966207,-0.0012074323394278763,0.0025666866943174073,0.0035847687158419212,0.0010252712111982142,0.34332766040352336,0.34332766040352336,0.0002727290839496773
2,INSTITUTION_TYPE,categorical,0.011809245990322367,0.6403469749943306,-0.01485670865995381,0.049844935465876865,0.6514292698413086,0.6245394507184038,-0.06470164412583068,-0.10104153943477835,0.10104153943477835,0.058481276976583334
2,NATIONALITY_COUNTRY,categorical,0.0033654634750661665,0.03293037890577523,-0.0018714928501453463,0.010835334597070706,0.02776331184163276,0.04030056163234901,-0.012706827447216053,-0.38586945760856606,0.38586945760856606,0.003007448594177444
2,TRANSFER_STUDENT_FLAG,categorical,0.0026592642705863937,0.038354099750462466,0.0026007194533897164,0.002742771218546995,0.038297117540918975,0.03843537783168396,-0.0001420517651572785,-0.003703691810823057,0.003703691810823057,0.003502783363213608
2,PAYMENT_PLAN,categorical,0.013708561904471749,0.3090703774216733,0.013232989633930855,0.01438690698690732,0.3090143328270167,0.3091503181110925,-0.0011539173529764649,-0.0037335100264304635,0.0037335100264304635,0.028226619400230718
2,ONLINE_ADMISSION_TYPE,categorical,-0.022678601235005084,1.375766729684599,-0.026629773014527697,-0.01704274289648307,1.3950319821464927,1.3482872274534827,-0.009587030118044626,-0.0069684997544914445,0.0069684997544914445,0.12564531155092226
2,PAYMENT_DEFERRAL_TYPE,numeric,0.12302776834321434,3.6555556642620286,0.07326182667149922,0.19401273508111475,3.6640464665974783,3.643444583850265,-0.12075090840961553,-0.03303216241243924,0.03303216241243924,0.3338526949501378
2,SCHOLARSHIP_NAME,categorical,-0.023318416832652452,2.316557887026144,0.02003960866582807,-0.08516328290859021,2.344620645678905,2.276529829229391,0.10520289157441828,0.045413452503650295,0.045413452503650295,0.21156539925040488
2,REGION,categorical,0.002676042837156417,0.07345705556938927,0.002093905873469048,0.0035063892872814386,0.07326327097098494,0.07373346535506509,-0.0014124834138123906,-0.019228696316014537,0.019228696316014537,0.006708647936809199
3,DEGREE_PROGRAM,categorical,0.040564630144371366,1.258314707173966,0.024056112827075888,0.06368073640690211,1.326070254874111,1.1634397762271307,-0.039624623579826226,-0.03149023320947961,0.03149023320947961,0.11601047575525116
3,CURRICULUM_YEAR,numeric,0.015518024119075416,0.7093772870165478,-0.10906801427710834,0.1899700386181023,0.6080094890197975,0.8513178831982717,-0.2990380528952106,-0.4215500811322634,0.4215500811322634,0.06540112428756782
3,AGE,numeric,-0.011938122526554658,0.2628073989718886,-0.0019943656629876415,-0.025861901136654594,0.2635281926897426,0.2617981051719016,0.02386753547366695,0.09081759329089499,0.09081759329089499,0.024229559753936643
3,MARITAL_STATUS,categorical,0.0054872608782470175,0.12353246760807102,0.008013171012916933,0.0019503468138043583,0.1253820737189355,0.1209425505015948,0.006062824199112574,0.049078791321063665,0.049078791321063665,0.011389090707378306
3,ETHNICITY,categorical,0.002316405741373667,0.07204830193972639,-0.005910065746094566,0.013835549793807446,0.07298363713506069,0.07073859572257615,-0.019745615539902013,-0.27406080377051284,0.27406080377051284,0.006642501862000468
3,DISABILITY,categorical,-0.00032859797497478713,0.010168658395382212,0.0015536169572563155,-0.0029641756919875804,0.008301344508758107,0.012783370873739573,0.004517792649243896,0.44428600839767757,0.44428600839767757,0.0009375006836646835
3,INSTITUTION_TYPE,categorical,0.0077622976591827,0.5823378106550844,-0.00505368201322553,0.025707915807184414,0.58017393350889,0.5853677868236914,-0.030761597820409943,-0.05282431821798684,0.05282431821798684,0.05368870448641088
3,NATIONALITY_COUNTRY,categorical,-0.000817406426816199,0.030270364112230618,-0.002937486147570601,0.002151242251200257,0.028180975434707444,0.03319603755491664,-0.005088728398770858,-0.1681092562978051,0.1681092562978051,0.0027907798596993223
3,TRANSFER_STUDENT_FLAG,categorical,8.696476085453591e-05,0.03263862542171793,-0.0009429239558657861,0.0015290698607080084,0.03163739002147714,0.03404060861990145,-0.0024719938165737943,-0.07573829426434471,0.07573829426434471,0.003009121995939166
3,PAYMENT_PLAN,categorical,0.00026119482412042123,0.2594224373797085,0.0041581678900480135,-0.005195554668448222,0.2598314388505498,0.25884973171027764,0.009353722558496235,0.03605595049130421,0.03605595049130421,0.023917482812863607
3,ONLINE_ADMISSION_TYPE,categorical,-0.002708935019426975,1.3867348957343526,-0.003018501586043025,-0.0022754634052486625,1.4047514211819674,1.3615071960734277,-0.0007430381807943627,-0.000535818477691717,0.000535818477691717,0.1278501904836349
3,PAYMENT_DEFERRAL_TYPE,numeric,0.048883839619881374,3.7599883430005643,0.07037374608856221,0.018792526635553763,3.7918433535221037,3.7153832586030893,0.05158121945300845,0.01371845195983915,0.01371845195983915,0.3466525774663684
3,SCHOLARSHIP_NAME,categorical,0.01627592843815259,2.3294760444536515,0.05705755944773332,-0.04082868597741547,2.366833151610891,2.2771666309487144,0.09788624542514879,0.04202071348113251,0.04202071348113251,0.2147663240656748
3,REGION,categorical,-0.0021903971355784263,0.029443703440028515,-0.00412893789673274,0.000524051010661147,0.02785791542455243,0.031664208381267385,-0.004652988907393887,-0.15803001537735162,0.15803001537735162,0.0027145657796098467
4,DEGREE_PROGRAM,categorical,-0.04502740800909463,1.3182753979714275,-0.04950993932977034,-0.03847825510550986,1.3978034127189676,1.202081869931172,-0.011031684224260478,-0.008368269817699793,0.008368269817699793,0.12273001627998147
4,CURRICULUM_YEAR,numeric,-0.04052111494648449,0.756787072858911,-0.16992661141334284,0.14854535716418227,0.6520950753933752,0.9097461600650416,-0.31847196857752513,-0.4208211001470137,0.4208211001470137,0.07045605942080001
4,AGE,numeric,-0.000933800304302302,0.22012313047153817,0.0014012750131811966,-0.004345436320106117,0.22031328237339828,0.21984531113440428,0.005746711333287314,0.026106803592048505,0.026106803592048505,0.020493225791776405
4,MARITAL_STATUS,categorical,-0.0052241664951870985,0.13246090543039685,-0.003758367021785602,-0.007365756634896875,0.13264344897508526,0.13219420219950542,0.003607389613111273,0.027233617355928604,0.027233617355928604,0.012331967284643239
4,ETHNICITY,categorical,0.004710311845511959,0.11072443107984183,0.0003831171413514204,0.011032511900291631,0.10705855907488575,0.11608041290525595,-0.01064939475894021,-0.09617926825256011,0.09617926825256011,0.010308324990310718
4,DISABILITY,categorical,-0.001288963378471269,0.01670341290928597,0.0014781560674843373,-0.0053318326988605665,0.013957574182889267,0.020715190269285016,0.006809988766344904,0.4077004384271079,0.4077004384271079,0.0015550697080765456
4,INSTITUTION_TYPE,categorical,0.02800124899989234,0.5812983589133689,0.005814344545370863,0.060417180832797714,0.5944650714553318,0.5620612789007079,-0.05460283628742685,-0.09393254849282023,0.09393254849282023,0.05411824961821109
4,NATIONALITY_COUNTRY,categorical,-0.004320302070952554,0.0307124556297803,-0.005400289171849646,-0.002742398839122063,0.029649079956806386,0.03226608891820909,-0.0026578903327275825,-0.08654112080019945,0.08654112080019945,0.0028592964605434
4,TRANSFER_STUDENT_FLAG,categorical,0.0017130180292048835,0.030437495609583157,-0.0010986665448960338,0.005820998738117611,0.02770149311291256,0.03443490185471828,-0.006919665283013645,-0.22734016529385578,0.22734016529385578,0.002833697979522615
4,PAYMENT_PLAN,categorical,0.003319976872950605,0.4221525767848522,0.005826777477506479,-0.00034255647786134445,0.4224207777995362,0.4217607246529853,0.006169333955367823,0.01461399099433187,0.01461399099433187,0.039301949123201334
4,ONLINE_ADMISSION_TYPE,categorical,-0.035487608404324536,1.3691116988375,-0.07638862973835599,0.024270377310979443,1.3903991544861174,1.3380098967536036,-0.10065900704933543,-0.07352139868120626,0.07352139868120626,0.12746282100538858
4,PAYMENT_DEFERRAL_TYPE,numeric,-0.020549601098080992,3.5370858699263863,-0.03512645212009377,0.0007477461743416284,3.537478447602757,3.536512298645692,-0.035874198294435396,-0.010142303470620014,0.010142303470620014,0.3292988756884673
4,SCHOLARSHIP_NAME,categorical,-0.0311303000652129,2.1734940992684297,-0.014726404542974589,-0.055097030536014585,2.1901624333656113,2.1491410137368296,0.04037062599304,0.018574067445882754,0.018574067445882754,0.20234995403702413
4,REGION,categorical,0.0006029326227827459,0.04189621745595713,0.002944735692752782,-0.0028185329015240888,0.04416508224622873,0.038581317600040035,0.005763268594276871,0.13756059482781313,0.13756059482781313,0.003900492612053365
5,DEGREE_PROGRAM,categorical,0.019730697530967553,1.2274286784167525,0.00819312909121147,0.036587534537103616,1.2798295666535537,1.1508689391097413,-0.028394405445892147,-0.023133242643896667,0.023133242643896667,0.11654172304398837
5,CURRICULUM_YEAR,numeric,-0.017575967645061263,0.7515122404661282,-0.14204247546127052,0.16427444961886956,0.6513260829032123,0.8978881200222721,-0.3063169250801401,-0.40760071305045664,0.40760071305045664,0.07135447699131692
5,AGE,numeric,-0.0005701798356273523,0.23714830148331448,0.0074504353380776345,-0.012288611095910585,0.23852265281717666,0.23514032063838788,0.01973904643398822,0.08323503187888967,0.08323503187888967,0.022516723095854528
5,MARITAL_STATUS,categorical,-0.0063893702397583565,0.21901621274450606,-0.011666350571837208,0.001320503622044538,0.21658550413548136,0.22256757272521477,-0.012986854193881747,-0.05929631432825293,0.05929631432825293,0.02079512012114405
5,ETHNICITY,categorical,-0.003917828280783545,0.050746145143577795,-0.005891102579249266,-0.001034797649908068,0.05041665729409764,0.05122753972885249,-0.004856304929341198,-0.09569800653036974,0.09569800653036974,0.004818237749260789
5,DISABILITY,categorical,-0.0015315958645704289,0.012717826389611605,0.0009351962073054379,-0.005135675190363034,0.010269447377760957,0.016295003517315207,0.006070871397668471,0.4773513343936968,0.4773513343936968,0.0012075303656188493
5,INSTITUTION_TYPE,categorical,0.014701436834333292,0.6239147954403305,-0.013909838976318836,0.05650362551872638,0.6347604337997196,0.608068895239872,-0.07041346449504522,-0.1128575007511252,0.1128575007511252,0.05923937298503098
5,NATIONALITY_COUNTRY,categorical,0.007038731866087385,0.035818658586416356,0.005193228055365308,0.00973508483629777,0.03399611399523419,0.03848146724236042,-0.004541856780932462,-0.12680142027024116,0.12680142027024116,0.0034009048853003705
5,TRANSFER_STUDENT_FLAG,categorical,-0.0003667912869546273,0.033047548925096176,0.0018499971456235286,-0.0036056055553316565,0.035202160980013254,0.029899576766938576,0.005455602700955185,0.16508342913178115,0.16508342913178115,0.003137793960524956
5,PAYMENT_PLAN,categorical,0.006368872541174414,0.3585691022876708,0.003114069586624284,0.011124266468277886,0.3582113021890801,0.3590918621719954,-0.008010196881653601,-0.022339339420347562,0.022339339420347562,0.034045367967810165
5,ONLINE_ADMISSION_TYPE,categorical,-0.01199424705975631,1.3579731759447988,-0.04339302793178599,0.03388059512340437,1.3760815414682135,1.3315161483943272,-0.07727362305519037,-0.056903644655151506,0.056903644655151506,0.12893664337080885
5,PAYMENT_DEFERRAL_TYPE,numeric,0.06157261596196273,3.572637926308022,-0.01855824613273519,0.17864692746394592,3.568279369296832,3.5790059479156997,-0.1972051735966811,-0.055198757238876905,0.055198757238876905,0.3392143161273522
5,SCHOLARSHIP_NAME,categorical,-0.019876206991987503,1.9799878795034602,0.04842260412410389,-0.11966343102523891,2.014283237852031,1.9298810247733207,0.16808603514934278,0.08489245661013604,0.08489245661013604,0.1879956067029407
5,REGION,categorical,-0.0028576388450048604,0.0715780516168676,-0.0019145813919745397,-0.004235482526379805,0.07318722490015911,0.06922698675491594,0.002320901134405265,0.03242475985275823,0.03242475985275823,0.006796182633048241
6,DEGREE_PROGRAM,categorical,-0.015519018433908427,1.2035620526158368,-0.04991173384556258,0.03451079945117816,1.2787511732590633,1.0941872048407912,-0.08442253329674074,-0.0701438975358651,0.0701438975358651,0.11250960443800906
6,CURRICULUM_YEAR,numeric,0.03062965578021614,0.7354398483087009,-0.12362351630233326,0.25501607061015247,0.6094148714174503,0.9187637460405004,-0.3786395869124857,-0.5148477986109229,0.5148477986109229,0.0687492981698155
6,AGE,numeric,-0.00394970758010388,0.22313320491539518,0.0015742959340376392,-0.011985272277488412,0.22429231237752958,0.22144709393095982,0.013559568211526051,0.06076893941745423,0.06076893941745423,0.020858607636767557
6,MARITAL_STATUS,categorical,5.38000115965605e-05,0.19394553232505404,0.0025950575838459443,-0.0036428738920775685,0.19478775583903146,0.19272038076265563,0.006237931475923513,0.03216331616996826,0.03216331616996826,0.018130128876185047
6,ETHNICITY,categorical,0.003646784658283899,0.09368562800998882,0.003881134607374755,0.003305884408505496,0.09858227948021601,0.0865626492521318,0.000575250198869259,0.0061402182072999014,0.0061402182072999014,0.00875778105999718
6,DISABILITY,categorical,-0.0018081407889634505,0.015014156915644714,0.0018856789002264164,-0.00718140440419689,0.011347909280229792,0.020347312478558525,0.009067083304423306,0.6039022607373598,0.6039022607373598,0.001403531169729036
6,INSTITUTION_TYPE,categorical,-0.0005416691355866229,0.709540251124665,-0.004168693921084035,0.004734430390467183,0.7105856570922761,0.7080195375215209,-0.008903124311551217,-0.012547736787926008,0.012547736787926008,0.0663281904022962
6,NATIONALITY_COUNTRY,categorical,0.002073335818376666,0.02678250436702024,0.0014373435801006858,0.002998490330790686,0.026155143554732307,0.02769510306157587,-0.0015611467506900002,-0.05828979729813407,0.05828979729813407,0.0025036423885611693
6,TRANSFER_STUDENT_FLAG,categorical,0.0038760458362143333,0.03599182209738642,0.0021165113912662756,0.006435575864294025,0.0342780570397162,0.03848477308152857,-0.00431906447302775,-0.12000127310424173,0.12000127310424173,0.0033645341828276052
6,PAYMENT_PLAN,categorical,-0.013731945286143321,0.3230988273596642,-0.013579452110485363,-0.013953771498920988,0.3231128659759156,0.32307840590101417,0.00037431938843562537,0.0011585290837931267,0.0011585290837931267,0.03020344583115853
6,ONLINE_ADMISSION_TYPE,categorical,0.014424404885433659,1.3007771560366153,0.007765861538918795,0.024110342940013844,1.311658093136253,1.2849490571209727,-0.01634448140109505,-0.012565166389372672,0.012565166389372672,0.12159732268859692
6,PAYMENT_DEFERRAL_TYPE,numeric,-0.13848389660330535,3.66413660353158,-0.16829681724819778,-0.09511613768590149,3.671198607687282,3.653863765880565,-0.07318067956229629,-0.01997214827956006,0.01997214827956006,0.34252538867786464
6,SCHOLARSHIP_NAME,categorical,0.1313276584622754,2.0354591818826617,0.18821996564142218,0.04856851213820733,2.071565452178209,1.9829367187455413,0.13965145350321484,0.06860931172004477,0.06860931172004477,0.1902757792218535
6,REGION,categorical,0.0013172661457364553,0.13684931892008528,-0.0020778980943177007,0.006256086665918668,0.134163230131111,0.14075667346674106,-0.00833398476023637,-0.06089898602347517,0.06089898602347517,0.01279274525633806
7,DEGREE_PROGRAM,categorical,-0.02307021392833629,1.1853618916404955,-0.01862090562690679,-0.02970761073040233,1.2515275125325256,1.0866572277325737,0.01108670510349554,0.009353012933587703,0.009353012933587703,0.10979536594640289
7,CURRICULUM_YEAR,numeric,0.0006041907372661817,0.7650395471870249,-0.168588294348877,0.25300244758174617,0.6274668019990447,0.9702680539795373,-0.4215907419306232,-0.5510705211002108,0.5510705211002108,0.07086257592659742
7,AGE,numeric,-0.000355858236512411,0.2526954724312986,0.0027707809575054686,-0.005020121439159719,0.2515321772160968,0.2544308549712728,0.007790902396665187,0.030831191084293504,0.030831191084293504,0.02340617836987813
7,MARITAL_STATUS,categorical,-0.0006861539212656161,0.15747977213471234,-0.000493375571068583,-0.0009737371405930605,0.15816972015091657,0.1564505202946088,0.0004803615695244775,0.003050306480717813,0.003050306480717813,0.01458672607296108
7,ETHNICITY,categorical,-0.0026019686545507483,0.047795314648042674,-0.006630958285227288,0.003408404436839831,0.04706092173896596,0.04889086856696494,-0.01003936272206712,-0.21004909782465997,0.21004909782465997,0.004427090240806285
7,DISABILITY,categorical,-1.1120466797744701e-05,0.0007821978732617624,-0.00018269758583754346,0.0002448351433937842,0.0006120178988240275,0.0010360692486723398,-0.00042753272923132767,-0.5465787415766264,0.5465787415766264,7.245188354960212e-05
7,INSTITUTION_TYPE,categorical,-0.018759813302010556,0.6595263175862993,-0.03481699056686324,0.005193990257457447,0.6595070958693009,0.6595549921923693,-0.04001098082432069,-0.060666238416005644,0.060666238416005644,0.061089304373075914
7,NATIONALITY_COUNTRY,categorical,-0.0027518535916099267,0.03331214099429355,-0.004217968835716325,-0.0005647296672990192,0.03186791301689492,0.035466613894175596,-0.0036532391684173057,-0.10966689799503174,0.10966689799503174,0.003085571365774855
7,TRANSFER_STUDENT_FLAG,categorical,0.00011548197093918711,0.04334138052480049,0.0003029285303487659,-0.00016414738034318635,0.04352361199106212,0.04306953095415778,0.00046707591069195225,0.010776673586220574,0.010776673586220574,0.0040145400058010415
7,PAYMENT_PLAN,categorical,0.0020231455829926547,0.19933845307456105,0.00047044055546737633,0.004339442563567177,0.19917127650973124,0.19958784401841367,-0.0038690020080998006,-0.01940921055834937,0.01940921055834937,0.01846392950276248
7,ONLINE_ADMISSION_TYPE,categorical,-0.042084965507641084,1.6591563886527716,-0.07655816747477794,0.009341527104742446,1.6656916141640081,1.6494072586823643,-0.08589969457952037,-0.051773115040270906,0.051773115040270906,0.15368106916473434
7,PAYMENT_DEFERRAL_TYPE,numeric,-0.008156946438045213,3.8344253231635097,-0.08257107475249988,0.10285269008101973,3.831585479881174,3.838661749467182,-0.1854237648335196,-0.048357641421098205,0.048357641421098205,0.3551675944029556
7,SCHOLARSHIP_NAME,categorical,-0.02973551502856537,1.9156139832651797,0.05605280129740075,-0.15771295733205823,1.95779340944761,1.852691486218292,0.21376575862945899,0.11159124985352921,0.11159124985352921,0.177435717976022
7,REGION,categorical,0.004882407273602669,0.042233104187145626,0.005899137732107138,0.0033656673588448953,0.04257919192132471,0.0417168168308974,0.002533470373262243,0.0599877849858204,0.0599877849858204,0.003911884768678353
8,DEGREE_PROGRAM,categorical,0.04857050693609273,1.185206560441119,-0.013406845704638098,0.1390228535220787,1.2458797888337632,1.0966575074527534,-0.15242969922671679,-0.12861023918901052,0.12861023918901052,0.11119857426762543
8,CURRICULUM_YEAR,numeric,-0.011830367446575759,0.7062086360207063,-0.13484869995992904,0.16770774405409622,0.6066163385915858,0.8515578098806151,-0.30255644401402526,-0.4284235969115991,0.4284235969115991,0.06625798074536417
8,AGE,numeric,0.0014418832884918306,0.20947886036043498,0.0033253085859762874,-0.0013068665454098914,0.20934678009853552,0.2096716238315672,0.0046321751313861785,0.02211285245401819,0.02211285245401819,0.019653747615620457
8,MARITAL_STATUS,categorical,0.0024242722411047055,0.12860902135221264,0.0034553275578702667,0.0009195068891216209,0.12929781587768752,0.12760376574689364,0.0025358206687486457,0.01971728454261361,0.01971728454261361,0.012066369095187877
8,ETHNICITY,categorical,-0.0017216488025956621,0.06771322343931567,0.00033879389421528173,-0.004728745249791112,0.0681709726843724,0.06704516500185605,0.005067539144006394,0.07483824999924724,0.07483824999924724,0.006352997154111795
8,DISABILITY,categorical,0.00020704717995189063,0.014563405185124872,0.003365880627833021,-0.00440308677480779,0.011430293972965015,0.01913599903077544,0.007768967402640811,0.5334581647550444,0.5334581647550444,0.0013663693292964036
8,INSTITUTION_TYPE,categorical,-0.00753027690097567,0.5931338897313939,-0.013501782735393267,0.001184789044258261,0.5918313683175869,0.5950348440855068,-0.014686571779651528,-0.02476097224237596,0.02476097224237596,0.055649070035010684
8,NATIONALITY_COUNTRY,categorical,-2.7305325819456478e-06,0.035959748838594534,-0.0011576545541914876,0.001682813999929341,0.034821282680219806,0.03762127407557346,-0.0028404685541208287,-0.07899022228632026,0.07899022228632026,0.0033738193284935545
8,TRANSFER_STUDENT_FLAG,categorical,-0.002030279058161675,0.030008958625087342,-0.00476294674512781,0.0019578907198963065,0.027355409115894014,0.03388166001780554,-0.006720837465024117,-0.22396103606892676,0.22396103606892676,0.0028155036647146987
8,PAYMENT_PLAN,categorical,-0.0010215944654501144,0.2863914756824625,0.004376720082871147,-0.008900121019099996,0.28695072202112143,0.28557528813180866,0.013276841101971144,0.04635906522822588,0.04635906522822588,0.026869851080168122
8,ONLINE_ADMISSION_TYPE,categorical,0.04493963465472263,1.4492738237950815,0.011713458029853751,0.09343130968998067,1.477917768438906,1.4074696502038164,-0.08171785166012692,-0.05638537750315521,0.05638537750315521,0.13597392075641412
8,PAYMENT_DEFERRAL_TYPE,numeric,0.034204543113106466,3.6317843377164394,0.05566649744712244,0.002882067255091409,3.6383131072149886,3.6222559778185097,0.05278443019203103,0.014534021099176926,0.014534021099176926,0.34074165118631533
8,SCHOLARSHIP_NAME,categorical,-0.001063951684785509,2.2900916440779,0.019200696058198283,-0.030639028111761935,2.2997717502556294,2.2759640913240595,0.049839724169960214,0.021763200743011343,0.021763200743011343,0.2148612185110462
8,REGION,categorical,-0.0005897304365963619,0.030045448596394204,-0.0021735994030851148,0.001721834330200073,0.028814554419356063,0.03184186715846355,-0.003895433733285188,-0.1296513753418441,0.1296513753418441,0.0028189272306312417
9,DEGREE_PROGRAM,categorical,-0.028219163392543142,1.1434603419013492,-0.07987854617418504,0.048088160193409044,1.203360988291053,1.0549796485414107,-0.12796670636759408,-0.11191180111660949,0.11191180111660949,0.10441881804746028
9,CURRICULUM_YEAR,numeric,-0.022884159407716258,0.7216191443181843,-0.14951693386421286,0.16416817410316845,0.6192493864283668,0.872831989305675,-0.3136851079673813,-0.4346962112039918,0.4346962112039918,0.06589701047684018
9,AGE,numeric,-0.006392240468294821,0.259301153141773,-0.002120158919829613,-0.012702635435308819,0.25671099368629446,0.26312714031130036,0.010582476515479205,0.04081152893945378,0.04081152893945378,0.023678932217610197
9,MARITAL_STATUS,categorical,0.0017924822565756247,0.2028249404132488,0.0028149573153803216,0.0002821596206947326,0.20411925698816127,0.20091307409997725,0.002532797694685589,0.012487604776439728,0.012487604776439728,0.01852162228318468
9,ETHNICITY,categorical,-0.0035612278594726,0.059201921093740735,-0.001806871519871694,-0.006152630034307477,0.0643437210940837,0.0516068439690428,0.004345758514435783,0.07340570093248627,0.07340570093248627,0.0054062169016446246
9,DISABILITY,categorical,0.0010370283441046666,0.009201709367662254,0.0009058519266891388,0.0012307922025092458,0.00933175827911547,0.00900961097558271,-0.000324940275820107,-0.03531303400670868,0.03531303400670868,0.0008402841628856687
9,INSTITUTION_TYPE,categorical,-0.010350918080126519,0.6004364799501839,-0.0195083011531183,0.0031756739100439837,0.6007466644546675,0.5999782989174044,-0.022683975063162286,-0.03777914204187643,0.03777914204187643,0.05483081944470698
9,NATIONALITY_COUNTRY,categorical,-0.0035400831605480777,0.03180039816243343,-0.0032442561202704915,-0.00397705643573016,0.032091741960979,0.03137004719203288,0.0007328003154596684,0.02304374655048637,0.02304374655048637,0.0029039572846387396
9,TRANSFER_STUDENT_FLAG,categorical,9.929005240985225e-05,0.037264413733412924,-0.002660746795669824,0.0041762072266974285,0.03458116596750977,0.04122790389741894,-0.006836954022367253,-0.18347139636432647,0.18347139636432647,0.003402921723375541
9,PAYMENT_PLAN,categorical,-0.004785615748263719,0.21873741088478216,-0.003735429242550825,-0.006336871632519748,0.2188405054207538,0.21858512745259046,0.0026014423899689233,0.01189299251301465,0.01189299251301465,0.019974721527614772
9,ONLINE_ADMISSION_TYPE,categorical,-0.010263400921804002,1.632428698210907,-0.052774681738575836,0.05253104002323305,1.65314842113324,1.6018230944171683,-0.10530572176180888,-0.06450861950492588,0.06450861950492588,0.14907056149450884
9,PAYMENT_DEFERRAL_TYPE,numeric,-0.07052153356006179,3.6921077676088614,-0.12684365627080324,0.012673235934233733,3.680914026811817,3.708642312838357,-0.13951689220503696,-0.03778787104456407,0.03778787104456407,0.3371568869249208
9,SCHOLARSHIP_NAME,categorical,-0.06382900387068523,2.2857466457710482,-0.03769581428047401,-0.10243097019347398,2.309999445115656,2.249922249353862,0.06473515591299997,0.028321229753423934,0.028321229753423934,0.2087304249752032
9,REGION,categorical,0.0020818518404348784,0.05658038247658657,0.0032508522435673952,0.0003550930750231676,0.05768398050614628,0.05495023113880481,0.0028957591685442275,0.05117956156875604,0.05117956156875604,0.00516682253540553
10,DEGREE_PROGRAM,categorical,-0.0026695103237813983,1.0907730515716438,-0.06513487086849357,0.0914416611847188,1.1296910508086833,1.032138658541237,-0.15657653205321237,-0.1435463883413773,0.1435463883413773,0.09252834904259948
10,CURRICULUM_YEAR,numeric,-0.0030949869964788162,0.7499742822215085,-0.13526065623573935,0.19602762843147398,0.6429587951709194,0.9112052871827232,-0.33128828466721333,-0.4417328600734148,0.4417328600734148,0.06361899210690836
10,AGE,numeric,-0.003536451654633391,0.15307144970716904,-0.00015826245406360624,-0.008626077976655835,0.15288941090466082,0.15334571187126664,0.00846781552259223,0.055319365817671766,0.055319365817671766,0.012984780387225555
10,MARITAL_STATUS,categorical,0.005493319298503806,0.132542125053911,0.00887412865979161,0.0003997454062990912,0.13494154582835066,0.12892712470721582,0.008474383253492519,0.06393728220402077,0.06393728220402077,0.011243314080931557
10,ETHNICITY,categorical,-0.003633041845349014,0.04488557839893904,-0.0073227806943246656,0.0019259694628299105,0.04548677256685031,0.04397981099516175,-0.009248750157154576,-0.2060517094143804,0.2060517094143804,0.003807564239959779
10,DISABILITY,categorical,-0.0006424950357048976,0.008325961817684293,0.00033462445572588135,-0.0021146367033497934,0.007356356929897185,0.009786781880103857,0.002449261159075675,0.29417155791820454,0.29417155791820454,0.0007062766173697022
10,INSTITUTION_TYPE,categorical,0.0027345438088276397,0.6107706500399701,-0.014331447322677245,0.028446400817801632,0.6171725621734384,0.6011254411510848,-0.04277784814047888,-0.07003913521004883,0.07003913521004883,0.05181059415654423
10,NATIONALITY_COUNTRY,categorical,0.004338807439880097,0.034302175566934254,0.008146995159972293,-0.0013986605669779762,0.038060402896218516,0.028639978572156607,0.00954565572695027,0.2782813500654999,0.2782813500654999,0.002909792893402218
10,TRANSFER_STUDENT_FLAG,categorical,-0.0004053376757602287,0.03652054219195036,-0.0011406612869401418,0.0007025109924063476,0.035805842902821426,0.037597317972794614,-0.0018431722793464894,-0.050469466462432486,0.050469466462432486,0.0030979730112445057
10,PAYMENT_PLAN,categorical,-0.0005311151070388773,0.1488916046496856,-0.0019833032147585196,0.001656771473242537,0.14874116308594137,0.14911826197920156,-0.0036400746880010564,-0.024447816897168104,0.024447816897168104,0.01263021152263401
10,ONLINE_ADMISSION_TYPE,categorical,-0.06983660798024431,2.0084343911065567,-0.1035478238707154,-0.01904682636749246,2.0372241041812837,1.9650594133393535,-0.08450099750322294,-0.042073068394664716,0.042073068394664716,0.17037193768374112
10,PAYMENT_DEFERRAL_TYPE,numeric,-0.05233824212723972,3.957628752987929,-0.13814490090415163,0.0769392503951135,3.9628030227400872,3.94983312699917,-0.21508415129926511,-0.05434672242485629,0.05434672242485629,0.3357186484483318
10,SCHOLARSHIP_NAME,categorical,-0.012281789473625423,2.724720935506778,0.06550914939248671,-0.12948268810921107,2.7716189350620426,2.6540637642194485,0.1949918375016978,0.07156396640870334,0.07156396640870334,0.23113325856463923
10,REGION,categorical,0.00481403701443878,0.08768669467819952,0.00774282245046164,0.0004014885863562262,0.09022115841239647,0.0838682367506071,0.007341333864105414,0.08372232402016404,0.08372232402016404,0.007438307244468431
11,DEGREE_PROGRAM,categorical,-0.004892665256676764,1.1577631548785061,-0.041021491574699614,0.04789295761056417,1.2097637859087924,1.081788206944654,-0.08891444918526378,-0.07679847886901732,0.07679847886901732,0.10562768598839523
11,CURRICULUM_YEAR,numeric,0.004246555239039771,0.7472583306263149,-0.15870135394943152,0.24231979918323387,0.6144713868315047,0.9412652290278608,-0.4010211531326654,-0.5366566509824646,0.5366566509824646,0.06817557456981926
11,AGE,numeric,-0.006385519674250429,0.2692507934872448,-0.006454604918566378,-0.006284583440671753,0.2718671145454581,0.2654282464866029,-0.00017002147789462515,-0.0006314613810142015,0.0006314613810142015,0.02456490185126113
11,MARITAL_STATUS,categorical,0.001743734764803103,0.23742330619708518,0.003313535771574782,-0.0005498056671684698,0.23754126218525154,0.2372509679026849,0.003863341438743252,0.01627195535528551,0.01627195535528551,0.021661144015197153
11,ETHNICITY,categorical,0.0035495426162773167,0.07880919711591085,-0.00014432309124010965,0.008946424331806268,0.075546190954473,0.08357657624787243,-0.009090747423046377,-0.115351351818442,0.115351351818442,0.007190100229809548
11,DISABILITY,categorical,-0.0005116879737923425,0.01583448653607497,0.002510696245066836,-0.004927509072775067,0.012836029810466344,0.020215348635178834,0.007438205317841904,0.46974717499653607,0.46974717499653607,0.0014446479528842106
11,INSTITUTION_TYPE,categorical,-0.015417800450760334,0.6075127667212782,-0.031049620372374426,0.007420897486660962,0.6087843407343726,0.6056549475463222,-0.03847051785903539,-0.0633246245451914,0.0633246245451914,0.05542598888795204
11,NATIONALITY_COUNTRY,categorical,0.0006551559818577793,0.024918604986695514,0.0001727729152001,0.0013599364363900944,0.024442986848815993,0.02561350161671152,-0.0011871635211899944,-0.04764165256537603,0.04764165256537603,0.002273430944587057
11,TRANSFER_STUDENT_FLAG,categorical,0.001659363707152075,0.03851144984419037,0.0002841377062113119,0.003668622474761274,0.03717355185051327,0.04046617093884982,-0.003384484768549962,-0.08788255914131801,0.08788255914131801,0.0035135643365044288
11,PAYMENT_PLAN,categorical,0.0011797696991962354,0.29093067422758356,0.0015922532863334867,0.0005771151075994397,0.2909743390814158,0.29086687817491774,0.0010151381787340472,0.003489278610546046,0.003489278610546046,0.026542850126309383
11,ONLINE_ADMISSION_TYPE,categorical,-0.01888147263210282,1.3765359537412913,-0.04051987404200384,0.012733074882363185,1.4014159317276407,1.3401853365534726,-0.05325294892436703,-0.038686202695709236,0.038686202695709236,0.12558726442523502
11,PAYMENT_DEFERRAL_TYPE,numeric,0.009036413475763056,3.650893434296422,-0.06219231337269188,0.11310435854655893,3.6438835963199585,3.6611350806907006,-0.1752966719192508,-0.04801473257820053,0.04801473257820053,0.33308662797739863
11,SCHOLARSHIP_NAME,categorical,0.035715359568428286,2.345705397473177,0.1312979526152853,-0.10393453287016496,2.4061306696257283,2.2574217206266916,0.23523248548545025,0.10028219474570234,0.10028219474570234,0.21400873926721337
11,REGION,categorical,0.0006278237066072809,0.11944501144818577,-0.00019123155606335884,0.0018244953566130474,0.1188769042160469,0.120275038248373,-0.0020157269126764065,-0.01687577311297602,0.01687577311297602,0.010897479427433686
12,DEGREE_PROGRAM,categorical,-0.02015540600007399,1.2504910499374022,-0.013454089519499174,-0.02970360293049257,1.2830774655497825,1.2040611410642734,0.0162495134109934,0.012994505967721101,0.012994505967721101,0.11900570754962327
12,CURRICULUM_YEAR,numeric,-0.02907246584373873,0.7059910365237853,-0.1486028908835339,0.14123735921294653,0.6098936056855417,0.8429129677309823,-0.2898402500964804,-0.4105438101928586,0.4105438101928586,0.06718717645313076
12,AGE,numeric,-0.008857518527049059,0.3155683882318139,0.00954310605591395,-0.03507517108383639,0.3103862376819146,0.32295204099868,0.04461827713975034,0.14139019877673595,0.14139019877673595,0.03003175378480409
12,MARITAL_STATUS,categorical,0.0012903703586302727,0.1269888987637648,-0.0007448309931203731,0.004190174204023209,0.12565430906353667,0.1288904542739543,-0.004935005197143583,-0.03886170559147919,0.03886170559147919,0.01208517545894136
12,ETHNICITY,categorical,0.007962879905382563,0.05279255896115039,0.007042261167108212,0.009274599630356362,0.053251477620238255,0.05213868061579609,-0.0022323384632481503,-0.04228509674802674,0.04228509674802674,0.005024118991368555
12,DISABILITY,categorical,-0.0018609350371974712,0.011474478117325724,0.0006351927818280704,-0.005417478001349825,0.008996417724268712,0.015005278178321639,0.006052670783177895,0.527489853681341,0.527489853681341,0.0010919937309294403
12,INSTITUTION_TYPE,categorical,-0.0018061342156953672,0.6797216349066155,0.0031457375412919917,-0.008861680218773212,0.6723984644056689,0.690155864404654,0.012007417760065203,0.01766519872758627,0.01766519872758627,0.06468719156598343
12,NATIONALITY_COUNTRY,categorical,-0.0018661179205736273,0.034235519084367116,-0.002631927067025724,-0.000774974626173034,0.033480969289760625,0.035310619783394157,-0.0018569524408526901,-0.05424052243158848,0.05424052243158848,0.003258097826583956
12,TRANSFER_STUDENT_FLAG,categorical,0.002052141157876414,0.029597670130717922,0.0010729115302738257,0.003447371087928057,0.02864457691932302,0.030955660266209013,-0.0023744595576542316,-0.08022454291731228,0.08022454291731228,0.0028167268177591177
12,PAYMENT_PLAN,categorical,-0.008647882619814315,0.3468548776034795,-0.008573689584080132,-0.008753594641937635,0.3468620938453824,0.3468445957284628,0.0001799050578575028,0.000518675300461446,0.000518675300461446,0.0330092007682153
12,ONLINE_ADMISSION_TYPE,categorical,-0.004901567734968863,1.2594094343041657,0.015611687387551034,-0.03412934710659386,1.2682483810173157,1.2468154903949082,0.049741034494144895,0.03949552317084812,0.03949552317084812,0.11985444504504103
12,PAYMENT_DEFERRAL_TYPE,numeric,-0.07055623170973553,3.557294634095419,-0.11362941064252258,-0.00918453018489769,3.5534940601559324,3.5627097832726764,-0.10444488045762489,-0.02936076181504827,0.02936076181504827,0.3385377007809814
12,SCHOLARSHIP_NAME,categorical,0.004534993242423064,2.074391639697916,0.03140096107432636,-0.03374428402031494,2.0970168178568036,2.042154741579059,0.0651452450946413,0.03140450619253754,0.03140450619253754,0.1974140037464733
12,REGION,categorical,-0.0012846866871670994,0.06301234778938711,-0.0021355529437171767,-7.235197613893234e-05,0.06259096272896496,0.06361274736045112,-0.0020632009675782444,-0.03274280422742382,0.03274280422742382,0.005996707480164959
13,DEGREE_PROGRAM,categorical,-0.018311144974374933,1.202702176979022,-0.04865622874239616,0.02894692070483722,1.2617937975533593,1.1106755506054558,-0.07760314944723339,-0.06452399516076286,0.06452399516076286,0.11316321087289391
13,CURRICULUM_YEAR,numeric,0.03535779055019093,0.75393515042529,-0.08225615602944994,0.218524449595935,0.6578515133008124,0.9035714759877012,-0.30078060562538494,-0.39894758250191215,0.39894758250191215,0.07093836200277555
13,AGE,numeric,-0.0065410530184822685,0.2700463835401665,-0.0020792445580675627,-0.013489672402178056,0.2681636062462674,0.27297853603295613,0.011410427844110494,0.04225358508610916,0.04225358508610916,0.02540888046180969
13,MARITAL_STATUS,categorical,0.001130956029923563,0.1454283390678344,-0.0011354947609870602,0.004660624333177221,0.1440317383236785,0.14760334211607992,-0.005796119094164281,-0.03985549949422655,0.03985549949422655,0.01368346887187443
13,ETHNICITY,categorical,0.003379090820415011,0.051478943418707436,0.004901669849543563,0.0010078948695185447,0.053317205732544504,0.04861611654938603,0.0038937749800250186,0.07563820703068319,0.07563820703068319,0.004843695007052918
13,DISABILITY,categorical,0.0011584874892258143,0.009619667370049366,0.0016709771454567293,0.00036035919868543864,0.010128331611520146,0.00882749660802929,0.0013106179467712907,0.1362435826889267,0.1362435826889267,0.0009051222056139846
13,INSTITUTION_TYPE,categorical,-0.008118488367573127,0.6703194207907055,-0.027525004184040483,0.02210434463135369,0.6845740284923687,0.6481199372715043,-0.04962934881539417,-0.07403835735036833,0.07403835735036833,0.06307089104774923
13,NATIONALITY_COUNTRY,categorical,-0.0024672159585747747,0.02986650384525692,-0.00399270627434278,-9.148610108964817e-05,0.02836378719174655,0.032206767027647354,-0.0039012201732531314,-0.130621923257773,0.130621923257773,0.0028101632618362316
13,TRANSFER_STUDENT_FLAG,categorical,0.0012240711373855833,0.04113753358142157,0.00026655837980111007,0.0027152583469031485,0.040206227348077654,0.042587907931325476,-0.0024486999671020386,-0.0595247151182616,0.0595247151182616,0.0038706634747750707
13,PAYMENT_PLAN,categorical,0.004890486896443415,0.30114091054816705,0.006680106753626597,0.0021034135965931552,0.30133683364494235,0.3008357887483,0.0045766931570334415,0.015197845914400947,0.015197845914400947,0.0283345894063447
13,ONLINE_ADMISSION_TYPE,categorical,0.013646057682729652,1.3437033487596375,0.0262644551174824,-0.006005265717681445,1.3513830607256188,1.331743311500834,0.03226972083516384,0.024015509721659754,0.024015509721659754,0.12643012402974374
13,PAYMENT_DEFERRAL_TYPE,numeric,0.012924450227311745,3.67261667083797,0.008481421737111378,0.019843822531889654,3.6914550019090817,3.643278703151577,-0.011362400794778276,-0.0030938161570196626,0.0030938161570196626,0.3455594433372277
13,SCHOLARSHIP_NAME,categorical,-0.06491599287313637,1.9855891373133692,-0.04425125362950732,-0.09709832632407196,1.9981663063513413,1.9660020211599287,0.052847072694564644,0.02661531114441438,0.02661531114441438,0.18682567185262483
13,REGION,categorical,0.00756996259018381,0.15044737697732813,0.0037463373318681135,0.013524704220543093,0.14755784592426963,0.15494740239600116,-0.00977836688867498,-0.06499526336141137,0.06499526336141137,0.014155714167678026
14,DEGREE_PROGRAM,categorical,-0.016548407674487068,1.1628179185943834,-0.0405952337810412,0.01988085841792391,1.2047426376533863,1.0993048903185296,-0.0604760921989651,-0.052008221779097384,0.052008221779097384,0.10792470872194247
14,CURRICULUM_YEAR,numeric,-0.010948283037971648,0.7256797894099005,-0.14843364237978926,0.1973324570929918,0.6138771638600473,0.895052977286545,-0.34576609947278103,-0.47647199841950527,0.47647199841950527,0.06735257398865677
14,AGE,numeric,0.00023163410315093168,0.16660900403880868,0.006484532889876197,-0.009241071888948496,0.16781911355745388,0.16477577243225797,0.015725604778824693,0.09438628403997713,0.09438628403997713,0.015463494278689056
14,MARITAL_STATUS,categorical,0.0022777579725410365,0.10406810592046066,0.0017414312077298885,0.0030902556527422982,0.10401881916225576,0.10414277192511068,-0.0013488244450124097,-0.012960978131410573,0.012960978131410573,0.009658881101769276
14,ETHNICITY,categorical,0.0018941346464443716,0.04945632968443143,-0.0003481360185373083,0.005291018474017686,0.0496031155171003,0.04923395937521745,-0.005639154492554995,-0.11402290725043772,0.11402290725043772,0.004590194122653934
14,DISABILITY,categorical,-0.0016770487814201443,0.010340640140277198,-0.00038866510080581666,-0.003628860289610271,0.009061582014464867,0.012278324082698926,0.0032401951888044542,0.31334570634401704,0.31334570634401704,0.0009597466269584827
14,INSTITUTION_TYPE,categorical,-0.012494861708212344,0.6223259771620921,-0.04594855269517935,0.03818514925611745,0.6418720395579,0.5927150545014392,-0.0841337019512968,-0.13519233494793226,0.13519233494793226,0.057759988680347665
14,NATIONALITY_COUNTRY,categorical,-0.0037282999225115923,0.026503990708082396,-0.0022147868573874946,-0.006021166762377583,0.027994224223688535,0.02424639076374255,0.003806379904990088,0.14361535011515575,0.14361535011515575,0.0024599169237059597
14,TRANSFER_STUDENT_FLAG,categorical,0.0014093376064838303,0.03270870292732933,-0.0015297621548193952,0.005861868963521088,0.02984937968069337,0.03704037842305499,-0.0073916311183404824,-0.22598362077404485,0.22598362077404485,0.00303579535510747
14,PAYMENT_PLAN,categorical,0.0010294289893767632,0.25385672318328184,0.003223219390763506,-0.0022940106167055156,0.25408895433185424,0.25350490917385593,0.005517230007469022,0.02173363753492414,0.02173363753492414,0.023561223531694903
14,ONLINE_ADMISSION_TYPE,categorical,-0.0009932847664122317,1.4971354131601502,-0.011542508204755763,0.014988053727110142,1.5282147573539309,1.4500523721552103,-0.026530561931865905,-0.0177208832939602,0.0177208832939602,0.1389537440031281
14,PAYMENT_DEFERRAL_TYPE,numeric,0.04177240930304186,3.7294273774176614,0.002723607315148373,0.10092862359524406,3.737418468227935,3.7173214316181182,-0.09820501628009569,-0.026332465105700767,0.026332465105700767,0.34613962940472964
14,SCHOLARSHIP_NAME,categorical,0.02047176546187229,2.316956804692407,0.0832425836905188,-0.07462165060713633,2.351002991594359,2.2653792036986853,0.15786423429765511,0.06813430184712171,0.06813430184712171,0.21504388973470573
14,REGION,categorical,-0.000952804552949301,0.07645704435821243,0.001222820064402111,-0.0042487242619162905,0.07898256760709893,0.07263105260160539,0.005471544326318401,0.07156363906356902,0.07156363906356902,0.007096213525910632
15,DEGREE_PROGRAM,categorical,-0.0362493266700801,1.2794076397036676,-0.0676505628101504,0.011112299513387533,1.3515583152439266,1.1705847478728773,-0.07876286232353794,-0.06156197593269081,0.06156197593269081,0.11752346455020601
15,CURRICULUM_YEAR,numeric,0.04084113481706458,0.7671732094819206,-0.08422936491181954,0.22948155101966997,0.6647726219842104,0.9216212167006221,-0.3137109159314895,-0.40891797582887635,0.40891797582887635,0.07047077935950034
15,AGE,numeric,-0.0036188973888678956,0.2828015301119969,0.006011534947584668,-0.018144215254371005,0.28224271699338876,0.28364437266481474,0.02415575020195567,0.0854159105588621,0.0854159105588621,0.025977502843862386
15,MARITAL_STATUS,categorical,0.00042752994673214456,0.16831633501221277,0.002175755837961481,-0.0022092713809393166,0.16936933418500397,0.16672812514140872,0.004385027218900798,0.026052297411196766,0.026052297411196766,0.015461154222597912
15,ETHNICITY,categorical,-0.0009622224483125546,0.039344657227729764,-0.0015860273309693798,-2.1354594192875413e-05,0.03663873312517982,0.04342592859087786,-0.0015646727367765044,-0.03976836620332117,0.03976836620332117,0.003614110378467088
15,DISABILITY,categorical,-0.00035855510735731795,0.01109569954871805,1.2639367775848716e-05,-0.0009184175883822601,0.010727443731497156,0.011651129732336136,0.0009310569561581087,0.0839115147332625,0.0839115147332625,0.0010192256260682735
15,INSTITUTION_TYPE,categorical,-0.027328097162286125,0.5865145580948551,-0.046962347712398204,0.0022857062815947416,0.6022059801124459,0.5628476151576993,-0.049248053993992943,-0.08396731728870098,0.08396731728870098,0.05387588813554812
15,NATIONALITY_COUNTRY,categorical,0.00278056073005845,0.035918146609678916,0.002737819283182899,0.0028450264861334907,0.035875985232200466,0.03598173746293232,-0.00010720720295059188,-0.0029847643341848434,0.0029847643341848434,0.003299358936741545
15,TRANSFER_STUDENT_FLAG,categorical,-0.0019093968045098837,0.035832647945040104,-0.0015967224709687422,-0.002380994955495971,0.03613634022919048,0.03537459717364763,0.0007842724845272288,0.021887092623747516,0.021887092623747516,0.0032915052246243527
15,PAYMENT_PLAN,categorical,0.011576893175182984,0.30239681877610153,0.00956709323786125,0.01460821948700093,0.30216360742848614,0.3027485650774046,-0.005041126249139679,-0.016670566408544772,0.016670566408544772,0.027777481319213954
15,ONLINE_ADMISSION_TYPE,categorical,0.06125103449186395,1.332225678353473,0.01634929674438716,0.1289750982420296,1.3536844084552566,1.2998600622700154,-0.11262580149764244,-0.08453958163968071,0.08453958163968071,0.12237520898273851
15,PAYMENT_DEFERRAL_TYPE,numeric,0.11805999494123368,3.6400020357999057,0.040366785303589066,0.2352425394575879,3.6296198363084957,3.655661223517018,-0.19487575415399885,-0.053537265154626236,0.053537265154626236,0.3343622759014401
15,SCHOLARSHIP_NAME,categorical,-0.08836868798149758,2.3417913297562873,-0.025026173939840985,-0.18390647057639548,2.379595303901125,2.284772628845578,0.15888029663655448,0.06784562510660987,0.06784562510660987,0.21511160460972187
15,REGION,categorical,-0.000250237501220506,0.0635813747301294,0.0012726944620264748,-0.0025472341552508705,0.06498994316092267,0.061456869466214516,0.0038199286172773453,0.06007936496326164,0.06007936496326164,0.005840439909269604
16,DEGREE_PROGRAM,categorical,-0.013130022508815457,1.2327365220891808,-0.037032718267077096,0.024468447329536427,1.2737531172520755,1.168218225420835,-0.06150116559661352,-0.049889951741175304,0.049889951741175304,0.11610777762930535
16,CURRICULUM_YEAR,numeric,0.021213735570831508,0.7492290213598144,-0.10395978629425223,0.2181092210843332,0.6473134902908295,0.9095401452476942,-0.32206900737858546,-0.42986723444594527,0.42986723444594527,0.07056764770629073
16,AGE,numeric,0.0025785190018051503,0.18326084523236089,0.01228256768398066,-0.012685758524739748,0.18326985994305994,0.1832466652699129,0.024968326208720408,0.13624473998830716,0.13624473998830716,0.017260792622852274
16,MARITAL_STATUS,categorical,0.0024156110753208206,0.07414478310223199,0.0024635368777572845,0.0023402247316374357,0.07460174808448407,0.07342598618174138,0.00012331214611984885,0.0016631263989244412,0.0016631263989244412,0.006983476058790961
16,ETHNICITY,categorical,0.0008833472182265358,0.06580487996803848,0.0014081209259802138,5.788850752379712e-05,0.06604531124363124,0.06542668630506344,0.0013502324184564167,0.020518727776909957,0.020518727776909957,0.006197965447882952
16,DISABILITY,categorical,-0.0027131863417132135,0.013398614741240855,-0.0005796019152835848,-0.006069272639090307,0.011279990983714067,0.016731168200975026,0.005489670723806722,0.40971927544939024,0.40971927544939024,0.001261975574699637
16,INSTITUTION_TYPE,categorical,-0.030378367263809592,0.6620479481604677,-0.05927166606481221,0.015070222907218019,0.6654536722918422,0.6566908111527164,-0.07434188897203023,-0.11229079280223248,0.11229079280223248,0.062356322350764645
16,NATIONALITY_COUNTRY,categorical,0.0009254919905653622,0.03520073077230967,0.0008004374836527831,0.0011222002679017616,0.035077430026860416,0.03539468041739243,-0.00032176278424897854,-0.009140798420642172,0.009140798420642172,0.0033154518809695023
16,TRANSFER_STUDENT_FLAG,categorical,0.0017928549420711528,0.03185606543397529,-0.003515522559990127,0.010142828243005934,0.026690573460693118,0.03998128261122243,-0.013658350802996062,-0.4287519697404027,0.4287519697404027,0.003000427824823562
16,PAYMENT_PLAN,categorical,-0.022439964072553987,0.4844396583628631,-0.014039870173286199,-0.03565314639746932,0.4852034759940738,0.4832381882668325,0.021613276224183117,0.04461500178830111,0.04461500178830111,0.04562792707129904
16,ONLINE_ADMISSION_TYPE,categorical,-0.015203591044620173,1.387200443094757,-0.018116867034276923,-0.01062106526862968,1.4007951737442808,1.3658161994323292,-0.007495801765647243,-0.005403546259633958,0.005403546259633958,0.13065627381685369
16,PAYMENT_DEFERRAL_TYPE,numeric,-0.11039550740137867,3.538325958657574,-0.07192893709008683,-0.17090266518228173,3.5651136630764717,3.496189426994796,0.0989737280921949,0.027971907972476655,0.027971907972476655,0.333264372577818
16,SCHOLARSHIP_NAME,categorical,0.022458493159714557,2.0505238090562483,0.04943140522378465,-0.019969366482136337,2.069862922862564,2.020103763781821,0.06940077170592099,0.03384538691987323,0.03384538691987323,0.19313272396765682
16,REGION,categorical,-0.006011364219701005,0.10900510104193147,-0.006617941613173791,-0.005057229921889465,0.10927146419619606,0.10858611704437075,-0.001560711691284326,-0.01431778583172874,0.01431778583172874,0.010266865469992892
17,DEGREE_PROGRAM,categorical,0.012945536577363054,1.1519579417634853,-0.029467228010601632,0.07477685615826116,1.198440355687672,1.0841936963019916,-0.10424408416886279,-0.09049296019373744,0.09049296019373744,0.09961425088928123
17,CURRICULUM_YEAR,numeric,0.01926986467994573,0.7362499541946227,-0.10502678083677332,0.20047535049159582,0.6349041299763293,0.8839966551301247,-0.3055021313283691,-0.4149434979083363,0.4149434979083363,0.0636663761717639
17,AGE,numeric,-0.004568168365058255,0.2538986686453148,0.006976463348511051,-0.02139847452076754,0.255767639537178,0.25117399512721367,0.028374937869278593,0.11175693839071336,0.11175693839071336,0.021955598170685375
17,MARITAL_STATUS,categorical,-0.002826590780200307,0.19768655164343804,-0.000877421018916199,-0.005668181975639139,0.2005212167497687,0.1935540437582061,0.00479076095672294,0.024234126787561695,0.024234126787561695,0.017094719380726695
17,ETHNICITY,categorical,-0.004240040517988437,0.08366204173981176,-0.006326154511232634,-0.0011988055913895988,0.08505586021237124,0.081630067727936,-0.005127348919843035,-0.06128644261144196,0.06128644261144196,0.0072345797651440745
17,DISABILITY,categorical,0.0014335276751155038,0.005136093116182911,0.0009160216083756031,0.0021879723171592297,0.004621981683221428,0.0058855889017192095,-0.0012719507087836266,-0.24764946429338233,0.24764946429338233,0.000444137802012914
17,INSTITUTION_TYPE,categorical,-0.021806906956525596,0.6009789076327408,-0.04336457936226909,0.009620880052627798,0.6079724440044627,0.5907834019494367,-0.052985459414896886,-0.08816525628762398,0.08816525628762398,0.05196896649928685
17,NATIONALITY_COUNTRY,categorical,-2.1078716817247466e-06,0.02775961611236314,-0.0035063682790873593,0.005106567482305486,0.02430529201024271,0.03279549197589522,-0.008612935761392845,-0.3102685471776734,0.3102685471776734,0.0024004811840385963
17,TRANSFER_STUDENT_FLAG,categorical,-0.0008157926671502506,0.03261818644625582,0.00011722810824094,-0.002175994160716433,0.0335248268559123,0.031296443488475975,0.002293222268957373,0.0703050205668503,0.0703050205668503,0.002820620519562161
17,PAYMENT_PLAN,categorical,0.002818552247274591,0.09417430057129746,0.003098483366860093,0.0024104555178141762,0.09420608646182867,0.0941279616076749,0.0006880278490459168,0.007305898157693508,0.007305898157693508,0.008143615373726805
17,ONLINE_ADMISSION_TYPE,categorical,-0.015730474853437256,1.5236455247278835,-0.02998382170743929,0.005048723413616159,1.5526042670257993,1.4814281105349163,-0.03503254512105545,-0.022992582298505492,0.022992582298505492,0.13175551125957344
17,PAYMENT_DEFERRAL_TYPE,numeric,0.07403510040488498,3.958439618093549,0.0881812163785683,0.05341222834984627,3.980103850811118,3.9268564824591192,0.034768988028722025,0.008783508499105856,0.008783508499105856,0.3423015571585865
17,SCHOLARSHIP_NAME,categorical,-0.05782924774577215,2.7542959803508515,-0.008481759141167973,-0.12977033359735946,2.7891996745613152,2.7034117361322814,0.12128857445619148,0.044036144017006236,0.044036144017006236,0.23817460765103204
17,REGION,categorical,0.002811556927993155,0.14368478562724118,0.001956076376115894,0.004058716643052233,0.14325243336409468,0.1443150890562824,-0.0021026402669363396,-0.014633701527670306,0.014633701527670306,0.012424978174579295
18,DEGREE_PROGRAM,categorical,0.012556990897291297,1.1133294150470092,-0.01817866808682203,0.058458271090671,1.1719397313511155,1.0257995347770956,-0.07663693917749304,-0.06883581637359067,0.06883581637359067,0.10296461221163837
18,CURRICULUM_YEAR,numeric,-0.022217587539045895,0.7686665716117235,-0.1481795425206746,0.16589664786114655,0.6670760509108714,0.9203839939742621,-0.31407619038182116,-0.40859873706134114,0.40859873706134114,0.07108898264644237
18,AGE,numeric,-0.006094837652195395,0.31737148224550915,-0.005576173061648344,-0.006869422270972879,0.3223124331389281,0.30999256216125776,0.001293249209324535,0.004074875285499394,0.004074875285499394,0.029351628686700895
18,MARITAL_STATUS,categorical,0.0007716122148977677,0.1572013226348691,0.002170386596350047,-0.0013173468942446844,0.15767298436672317,0.15649693307478485,0.0034877334905947313,0.02218641314294585,0.02218641314294585,0.01453853011111945
18,ETHNICITY,categorical,-0.008704761778954899,0.11385823087005935,-0.011456547621268038,-0.004595186869710498,0.11100527948642923,0.11811888852851184,-0.00686136075155754,-0.06026231655916088,0.06026231655916088,0.010530008845714228
18,DISABILITY,categorical,0.00048371485219946464,0.007736789883292835,0.0006510211494331736,0.00023385610567277173,0.007570883797096859,0.007984557525177769,0.0004171650437604019,0.053919655316121036,0.053919655316121036,0.0007155254853861355
18,INSTITUTION_TYPE,categorical,0.001117714624639038,0.6621323005905638,-0.017970942367713526,0.02962511684348283,0.6738939808066956,0.6445671597414365,-0.047596059211196355,-0.07188300460307533,0.07188300460307533,0.06123631931545499
18,NATIONALITY_COUNTRY,categorical,-2.7661363393500566e-06,0.036428632522218736,-0.0036002611646050414,0.005369808675610701,0.032882402408399666,0.04172464723166552,-0.008970069840215743,-0.2462367983411036,0.2462367983411036,0.0033690478041417363
18,TRANSFER_STUDENT_FLAG,categorical,0.0011498636155723493,0.03864363079476373,0.0005730360908389766,0.0020113099847462374,0.03808259067796809,0.039481499916556966,-0.0014382738939072608,-0.03721891199990838,0.03721891199990838,0.0035738986192730463
18,PAYMENT_PLAN,categorical,-0.002715164316895474,0.1905921441184477,-0.0018707135680069847,-0.003976284843196256,0.19067695211041993,0.19046549007780758,0.002105571275189271,0.011047523941389303,0.011047523941389303,0.017626630487358536
18,ONLINE_ADMISSION_TYPE,categorical,-0.03570541431947929,1.631547201117274,-0.07839327299634828,0.028045532520317124,1.6663741136368568,1.579535956762137,-0.1064388055166654,-0.06523795661184471,0.06523795661184471,0.15089121206855996
18,PAYMENT_DEFERRAL_TYPE,numeric,-0.06514523430947931,3.7027186851504283,-0.12761483310810176,0.028148179685835537,3.6963290654376633,3.7122610777480514,-0.15576301279393728,-0.0420672014373161,0.0420672014373161,0.3424404209505266
18,SCHOLARSHIP_NAME,categorical,0.04188469930909025,2.0353876246445086,0.09048536470088855,-0.03069655755892264,2.071912705456051,1.9808403000118553,0.1211819222598112,0.05953751550443679,0.05953751550443679,0.188239791960442
18,REGION,categorical,-0.003518560323981553,0.0371243565818253,-0.00278267220153919,-0.004617551138417954,0.03717084284477569,0.03705493301807653,0.001834878936878764,0.04942520506273373,0.04942520506273373,0.0034333908072417415
19,DEGREE_PROGRAM,categorical,0.04503554906287722,1.0711601809122782,0.022778997638256242,0.0757308682592943,1.1378755472884392,0.9791490949559354,-0.05295187062103806,-0.04943412905429362,0.04943412905429362,0.09084750482528987
19,CURRICULUM_YEAR,numeric,0.049782318111680636,0.7946398944600186,-0.07552505953720173,0.22260109318674834,0.6927424550577667,0.9351726467305529,-0.29812615272395004,-0.3751713887037293,0.3751713887037293,0.06739519721956169
19,AGE,numeric,-0.0029507442530834786,0.1600724875126501,6.537980424912837e-05,-0.00711045834847594,0.15863900385215385,0.16204948914611614,0.007175838152725068,0.04482867895807505,0.04482867895807505,0.013576107794929836
19,MARITAL_STATUS,categorical,-1.7015153634679403e-05,0.17820887808202138,0.0024368041963879787,-0.003401221752504597,0.18027464661466638,0.17535985519049768,0.005838025948892576,0.032759456272462475,0.032759456272462475,0.015114295882131736
19,ETHNICITY,categorical,0.0008389930907862432,0.03950213019574087,-0.002869523415918102,0.005953626339517803,0.03906991657742741,0.040098221419495164,-0.008823149755435905,-0.22335883436451281,0.22335883436451281,0.003350264533274962
19,DISABILITY,categorical,0.00027942636246797967,0.0010138541409001932,0.00033013879873071465,0.00020948585872080917,0.0009636120077108013,0.0010831460220160354,0.00012065294000990548,0.11900423852170557,0.11900423852170557,8.598725064548808e-05
19,INSTITUTION_TYPE,categorical,0.018992584277501258,0.702548836345174,-0.0022424379130088832,0.048279052420973474,0.7038712082431688,0.700725075478954,-0.05052149033398236,-0.07191171306582353,0.07191171306582353,0.05958474739558757
19,NATIONALITY_COUNTRY,categorical,-1.6011183614159199e-06,0.02108592826048788,-0.0038354993594607177,0.005285953455207321,0.01730666371972697,0.026298134284378164,-0.009121452814668038,-0.43258483581964857,0.43258483581964857,0.0017883450146166941
19,TRANSFER_STUDENT_FLAG,categorical,-0.002140241687450803,0.026042622882760217,-0.0031396537292934083,-0.0007618937552925888,0.02507237260373359,0.02738075211253517,-0.0023777599740008194,-0.09130263048791668,0.09130263048791668,0.002208733437038132
19,PAYMENT_PLAN,categorical,0.00034861587761508936,0.05497925452414276,-0.0003778613717593849,0.0013505433835007906,0.054901857830084236,0.055085996857391684,-0.0017284047552601756,-0.03143739889199825,0.03143739889199825,0.004662914267797954
19,ONLINE_ADMISSION_TYPE,categorical,0.049327542242207055,1.9441391427687442,0.037765535491821114,0.06527338582701493,1.9649585039440127,1.9154259371807065,-0.027507850335193818,-0.014149116043216194,0.014149116043216194,0.16488681459695015
19,PAYMENT_DEFERRAL_TYPE,numeric,0.020535036336644184,3.9549688085388053,-0.0511075658432016,0.11934156300903924,3.955493500439839,3.9542451750757146,-0.17044912885224084,-0.04309746475983325,0.04309746475983325,0.33542980248910553
19,SCHOLARSHIP_NAME,categorical,-0.05071612950349349,2.755765229879945,0.01611972291144393,-0.1428933848428622,2.781641083150315,2.7200783186213613,0.15901310775430613,0.05770197912005499,0.05770197912005499,0.23372264903057197
19,REGION,categorical,0.0028861947262250236,0.08662234855176587,-0.0006629195087725819,0.0077809869260301754,0.08393445127039732,0.09032938579418463,-0.008443906434802757,-0.09747953704760896,0.09747953704760896,0.007346636262498402
20,DEGREE_PROGRAM,categorical,-0.004807883141745895,1.2718715560068146,-0.025695644811093637,0.02584381920376737,1.3338574718556058,1.1809104529318557,-0.05153946401486101,-0.04052253843672314,0.04052253843672314,0.1203687729403827
20,CURRICULUM_YEAR,numeric,-0.02036409652254071,0.7039144126892122,-0.15358403509091564,0.1751292247880695,0.595451917904547,0.8630774746974542,-0.32871325987898514,-0.4669790161323441,0.4669790161323441,0.06661782293211112
20,AGE,numeric,-0.0034782495918247607,0.3111622366371852,0.003947141921872446,-0.014374624899034077,0.31368083783680695,0.30746632055388284,0.018321766820906523,0.05888171719973103,0.05888171719973103,0.029448112454841545
20,MARITAL_STATUS,categorical,0.006167879919873896,0.16362976094210666,0.0059219871098406904,0.006528714811679547,0.1631836415802095,0.16428441787030745,-0.0006067277018388566,-0.0037079300143543024,0.0037079300143543024,0.015485772480805451
20,ETHNICITY,categorical,0.00048459000915391295,0.05621654252050028,0.00043347369380577946,0.0005596005396193693,0.055518233136840296,0.057241275170745114,-0.00012612684581358985,-0.0022435895229165974,0.0022435895229165974,0.005320282704794769
20,DISABILITY,categorical,-0.002844674733515345,0.011781558179893997,-0.0019697064512404785,-0.004128645116489223,0.010912527253074388,0.013056815802974268,0.0021589386652487445,0.1832472948215895,0.1832472948215895,0.0011149960031278275
20,INSTITUTION_TYPE,categorical,0.011312723440330139,0.578057110994255,-0.021537327283941803,0.05951846193805696,0.5897290652053412,0.5609291261037127,-0.08105578922199877,-0.14022107449311239,0.14022107449311239,0.05470680180811299
20,NATIONALITY_COUNTRY,categorical,-0.0019655898035832076,0.036060415309605534,0.002807072716061685,-0.008969223474989409,0.04076290749136921,0.029159752954338217,0.011776296191051094,0.326571285714344,0.326571285714344,0.0034127250680606874
20,TRANSFER_STUDENT_FLAG,categorical,-0.0035201505547403553,0.03633951066811333,-0.0061727598936210755,0.0003724154933306689,0.03376490160384297,0.04011761537570655,-0.006545175386951744,-0.1801118195214145,0.1801118195214145,0.003439138400191813
20,PAYMENT_PLAN,categorical,0.0073952148921715396,0.3554491466208431,0.011759009276024865,0.000991573914824454,0.355932806256237,0.3547394012964999,0.010767435361200412,0.030292477738555423,0.030292477738555423,0.033639385533383075
20,ONLINE_ADMISSION_TYPE,categorical,-0.06686359399594295,1.351592911532224,-0.08105303042529975,-0.04604133506900534,1.3746252365750842,1.317794174132142,-0.03501169535629441,-0.0259040241019048,0.0259040241019048,0.12791352987469543
20,PAYMENT_DEFERRAL_TYPE,numeric,0.056387457853940046,3.5855951910912247,0.054790688180495845,0.058730634184629225,3.599473792492004,3.5652290663794552,-0.003939946004133381,-0.0010988262182865976,0.0010988262182865976,0.33933748370600036
20,SCHOLARSHIP_NAME,categorical,-0.00022652338820649967,2.036655016494272,0.019873200174826487,-0.029721820856355743,2.0520696024139222,2.014034914499898,0.049595021031182226,0.02435121345025382,0.02435121345025382,0.19274718746597783
20,REGION,categorical,-0.0011865760127178764,0.06813239952901068,0.0012163919287096288,-0.004712806312182649,0.07048239493020518,0.06468390367334917,0.005929198240892278,0.08702465026741989,0.08702465026741989,0.006447988627514352
21,DEGREE_PROGRAM,categorical,-0.0034999010916729654,1.2153327061768728,-0.04404899105088177,0.05833678572819951,1.268491855172527,1.1342658893540438,-0.10238577677908128,-0.08424506002242041,0.08424506002242041,0.10999920100846491
21,CURRICULUM_YEAR,numeric,0.002253420789345956,0.7592717078918566,-0.11945516074302281,0.18785698050127486,0.6605369252929509,0.9098406068718813,-0.3073121412442977,-0.4047459401556791,0.4047459401556791,0.0687213310330199
21,AGE,numeric,-0.0020633394349898215,0.3046736899129838,0.013654161752621652,-0.026032266962266758,0.30111467551911997,0.310101127586238,0.03968642871488841,0.1302587982776689,0.1302587982776689,0.027575874728291556
21,MARITAL_STATUS,categorical,0.00979989994179524,0.2915807286714327,0.005766808565948755,0.01595029711655502,0.2891378707398353,0.29530604632993457,-0.010183488550606266,-0.034925108380813176,0.034925108380813176,0.026390836863280934
21,ETHNICITY,categorical,0.0004676210665978766,0.07046557436274638,0.0017953730990927271,-0.0015571786684989769,0.07151370687827921,0.06886718973380866,0.0033525517675917042,0.047577158036536574,0.047577158036536574,0.006377806537345511
21,DISABILITY,categorical,0.00015534650241378947,0.010926852803640825,0.0025784877058944726,-0.0035399034741136572,0.00852344312771689,0.01459201252928549,0.00611839118000813,0.5599408438969256,0.5599408438969256,0.000988984392363313
21,INSTITUTION_TYPE,categorical,0.02109629513781269,0.57894526453383,-0.0031160743557516087,0.058019755344856525,0.5960083524156626,0.5529243397093839,-0.06113582970060813,-0.10559863504511958,0.10559863504511958,0.052400068065877846
21,NATIONALITY_COUNTRY,categorical,0.0036731017028946295,0.03594055669654918,-0.0002916074308841861,0.009719217097445982,0.03202875818002762,0.04190598428104003,-0.01001082452833017,-0.2785383824978803,0.2785383824978803,0.003252963160068599
21,TRANSFER_STUDENT_FLAG,categorical,-0.002665783823671099,0.032437459383162705,-0.0018068673976368937,-0.003975617067636685,0.033271313556546216,0.031165845657056872,0.0021687496699997915,0.06685941843908784,0.06685941843908784,0.002935899442809161
21,PAYMENT_PLAN,categorical,0.0075904220045080965,0.3182885957787127,0.005444853276357447,0.010862378579284378,0.31804885116172543,0.3186542023265488,-0.005417525302926931,-0.01702079614154136,0.01702079614154136,0.028808153559778612
21,ONLINE_ADMISSION_TYPE,categorical,-0.020873168200655625,1.3853420687849398,-0.020874639719537173,-0.02087092415887066,1.3868541340628642,1.3830361944205503,-3.7155606665145724e-06,-2.6820528663894747e-06,2.6820528663894747e-06,0.12538666976973442
21,PAYMENT_DEFERRAL_TYPE,numeric,0.09086236081177641,3.6816826741019852,0.05207251496879695,0.15001622965560266,3.7029375653014385,3.6492693190350685,-0.09794371468680571,-0.02660297569254677,0.02660297569254677,0.3332273956420523
21,SCHOLARSHIP_NAME,categorical,-0.02860450909190939,2.305992064057485,0.03205609636793353,-0.12111092208163399,2.337130183873796,2.2585069499603363,0.1531670184495675,0.06642131204045171,0.06642131204045171,0.20871427493803354
21,REGION,categorical,0.004422761216036492,0.05767945577386972,0.006075625779707239,0.001902170285828229,0.05965135146516173,0.0546723476876733,0.00417345549387901,0.07235601372940992,0.07235601372940992,0.005220540858879334
22,DEGREE_PROGRAM,categorical,0.0207275886213176,1.2723691390083307,-0.03144793444159094,0.10180356987675068,1.3467674840832986,1.1567609289390315,-0.13325150431834162,-0.10472707977041651,0.10472707977041651,0.11685568308454283
22,CURRICULUM_YEAR,numeric,-0.015027179583941078,0.7486761401009799,-0.1426429302325792,0.18327600168005312,0.645693062026619,0.9087024056261609,-0.3259189319126323,-0.43532699181340684,0.43532699181340684,0.06875918244039247
22,AGE,numeric,0.0046805971621777034,0.2340167533623346,0.004931464943094052,0.004290771621211989,0.23683791225724404,0.2296329309825104,0.000640693321882063,0.002737809634039576,0.002737809634039576,0.02149233797724447
22,MARITAL_STATUS,categorical,-0.001232357044255448,0.17061448159263612,0.002732684924362201,-0.007393668890368577,0.17306535668623568,0.16680604630570256,0.010126353814730779,0.05935225263532285,0.05935225263532285,0.015669408491125088
22,ETHNICITY,categorical,0.015690790157014054,0.10945100035164793,0.011789202446507666,0.021753499901236147,0.10729143579499845,0.1128067657610826,-0.009964297454728481,-0.09103888884263135,0.09103888884263135,0.010052091816960216
22,DISABILITY,categorical,-0.001982850047645692,0.016464880355149602,0.0005126495129132185,-0.005860627666681889,0.013988008138064256,0.020313712789514715,0.006373277179595107,0.3870831152199526,0.3870831152199526,0.0015121514518230386
22,INSTITUTION_TYPE,categorical,0.0217783937344323,0.5912518168695944,-0.005704284694629063,0.06448395738498082,0.6035936777244731,0.572073696161128,-0.07018824207960989,-0.11871124971966132,0.11871124971966132,0.054301171583839486
22,NATIONALITY_COUNTRY,categorical,-0.0016803841074657941,0.030828074445855395,-0.002849323346861854,0.0001360403440485119,0.029676321601069925,0.03261779281518612,-0.002985363690910366,-0.09683912292847488,0.09683912292847488,0.0028312818875497613
22,TRANSFER_STUDENT_FLAG,categorical,-0.0003108214249564354,0.028004717160815325,-0.0014822394614740879,0.0015094548501174458,0.026866155002270624,0.029773938412565305,-0.0029916943115915334,-0.10682822805929149,0.10682822805929149,0.002571981866808754
22,PAYMENT_PLAN,categorical,-0.0001514648861419497,0.2926128204928174,0.005001113556357906,-0.00815809958183234,0.29315127135017954,0.29177611720634966,0.013159213138190245,0.04497141689153451,0.04497141689153451,0.026873860713592025
22,ONLINE_ADMISSION_TYPE,categorical,0.07340407413272737,1.325867298561591,0.038496759885632476,0.12764684141965565,1.3541691133838107,1.281888872025148,-0.08915008153402318,-0.06723906806566575,0.06723906806566575,0.12176900877494308
22,PAYMENT_DEFERRAL_TYPE,numeric,0.040837652164543055,3.6410810710590686,0.05716204189764628,0.015471046555018625,3.6671775387160674,3.600529551910682,0.04169099534262766,0.011450169476863952,0.011450169476863952,0.3344006096032957
22,SCHOLARSHIP_NAME,categorical,-0.06805904852711747,2.3509800613089706,-0.02958844785252534,-0.12783883636781873,2.3744404538890334,2.3145247612487525,0.09825038851529339,0.04179124703447713,0.04179124703447713,0.21591641337396617
22,REGION,categorical,-0.0007928180480080903,0.07616222818439874,0.0007300541308546448,-0.0031592218515508084,0.0776626726892957,0.07383067493081884,0.003889275982405453,0.05106568012938127,0.05106568012938127,0.006994816933916899
23,DEGREE_PROGRAM,categorical,0.012130001111493208,1.1882956202061752,-0.04195897120911083,0.09046816386523533,1.2720673291144293,1.0669673441258702,-0.13242713507434617,-0.11144292112375993,0.11144292112375993,0.10857767812596021
23,CURRICULUM_YEAR,numeric,-0.011441904705384746,0.7577317491555239,-0.14878929230208718,0.1874811204831234,0.6466863648706238,0.9185610460333977,-0.3362704127852106,-0.4437855654853804,0.4437855654853804,0.06923593133445578
23,AGE,numeric,-0.0018128144816743766,0.16714604572764513,0.0015319998353654544,-0.006657177336198486,0.16932106023267593,0.16399592782048705,0.00818917717156394,0.048994142433424565,0.048994142433424565,0.015272571273042693
23,MARITAL_STATUS,categorical,-0.001643376888876926,0.2003939585471992,0.0018000091157091627,-0.006630503130661235,0.20214374410990768,0.19785970839762607,0.008430512246370397,0.042069692656850934,0.042069692656850934,0.018310520008270024
23,ETHNICITY,categorical,-0.004412404604184928,0.0974346619432722,-0.009562934687696974,0.0030472132557853616,0.0912881639143611,0.10633676050969974,-0.012610147943482336,-0.12942158049282437,0.12942158049282437,0.008902859846401526
23,DISABILITY,categorical,0.0011157134534540438,0.009264487016333268,0.002266418883022075,-0.0005508767100417547,0.010406603149548325,0.007610336906081991,0.0028172955930638294,0.3040962319982687,0.3040962319982687,0.0008465204046506875
23,INSTITUTION_TYPE,categorical,0.009389041212039302,0.6634758102774738,-0.015394455463911256,0.04528348536416104,0.6760413061974039,0.6452769460316903,-0.0606779408280723,-0.09145463917169193,0.09145463917169193,0.06062351972665618
23,NATIONALITY_COUNTRY,categorical,0.0032197451454138502,0.025454981533316847,0.0032732537376038624,0.003142247559051095,0.02550778813538302,0.02537850065358576,0.00013100617855276754,0.005146583130743961,0.005146583130743961,0.0023258882256480904
23,TRANSFER_STUDENT_FLAG,categorical,-0.0008480924357286589,0.033909641881057724,0.0012809174585262965,-0.003931580925986779,0.03597845583847183,0.030913336394937492,0.005212498384513075,0.15371729382446916,0.15371729382446916,0.0030984126499509017
23,PAYMENT_PLAN,categorical,0.0010318283063153885,0.2544483936551024,0.005889541480689259,-0.0060036968467505605,0.254962623414341,0.253703624197593,0.011893238327439819,0.046741259225871815,0.046741259225871815,0.0232496150925456
23,ONLINE_ADMISSION_TYPE,categorical,-0.08955205827247029,1.450655234034602,-0.12906657943229877,-0.03232237064952269,1.4897740160994628,1.393998703421432,-0.09674420878277608,-0.06669000773788851,0.06669000773788851,0.13255016209301515
23,PAYMENT_DEFERRAL_TYPE,numeric,-0.05906946611062473,3.734139582227374,-0.06355182433307491,-0.05257757519671458,3.7493338362332205,3.7121334339840857,-0.010974249136360331,-0.0029388963360106398,0.0029388963360106398,0.3411980981349951
23,SCHOLARSHIP_NAME,categorical,-0.01519449705651366,2.312274737743734,-0.0014298754757006676,-0.03513007947523142,2.3265902759852666,2.2915412514789892,0.03370020399953075,0.014574480899451703,0.014574480899451703,0.2112785892200527
23,REGION,categorical,0.001232340081123618,0.04957321039695495,0.002226202742640753,-0.00020709149970406267,0.05066084638297397,0.04799796499600715,0.002433294242344816,0.04908486303106732,0.04908486303106732,0.004529633864355387
24,DEGREE_PROGRAM,categorical,-0.053166589979680726,1.2597275381581496,-0.09151576463802698,0.004104874806138792,1.340515436268484,1.1390771903223096,-0.09562063944416577,-0.07590581022303673,0.07590581022303673,0.12002928734140722
24,CURRICULUM_YEAR,numeric,0.046726492733306965,0.7648536864586998,-0.098783392937079,0.2640340193594841,0.6460422954422245,0.9422891190951216,-0.3628174122965631,-0.4743618534107103,0.4743618534107103,0.0728767452685157
24,AGE,numeric,0.0013431000961013758,0.2589999738449893,0.0029273075843272442,-0.0010227887185517437,0.26089891699254564,0.2561640521706763,0.003950096302878988,0.015251338616903138,0.015251338616903138,0.024678020715106695
24,MARITAL_STATUS,categorical,-0.0077045507295509285,0.12633622362268246,-0.008154842919462703,-0.007032074893300274,0.1267048750729655,0.1257856717857529,-0.0011227680261624287,-0.008887142530994938,0.008887142530994938,0.012037560843519082
24,ETHNICITY,categorical,0.008630146133825676,0.04849930731466996,0.006663587839551104,0.011567045691724629,0.04522375056306447,0.053391092726617635,-0.004903457852173524,-0.10110366773610265,0.10110366773610265,0.004621108229516935
24,DISABILITY,categorical,-0.0010787330555330297,0.013979081133269159,-0.0009435944432792904,-0.0012805519040958845,0.013844981813669572,0.014179347880306482,0.0003369574608165941,0.024104406978128254,0.024104406978128254,0.0013319540101244976
24,INSTITUTION_TYPE,categorical,0.010009777671352625,0.5827713700169297,-0.02175479840257722,0.05744766430807609,0.5891897163501602,0.5731860764797659,-0.07920246271065332,-0.13590657809485812,0.13590657809485812,0.05552758839294814
24,NATIONALITY_COUNTRY,categorical,0.007343307678692271,0.04229289277860732,0.004443754480253883,0.011673561468466211,0.0394300676912529,0.046568296034059535,-0.007229806988212328,-0.1709461451610452,0.1709461451610452,0.004029748994171374
24,TRANSFER_STUDENT_FLAG,categorical,0.0053932280459311754,0.04066941902518032,0.006176260466651701,0.004223830943934702,0.04143243727183715,0.0395299115120872,0.0019524295227169993,0.04800731285362497,0.04800731285362497,0.0038750612607220966
24,PAYMENT_PLAN,categorical,9.022278544283361e-05,0.3688193967131414,0.0012700414575490646,-0.0016717432577678273,0.3689429560990532,0.36863487052493304,0.002941784715316892,0.007976220181296319,0.007976220181296319,0.035141828692490204
24,ONLINE_ADMISSION_TYPE,categorical,-0.004830942300015978,1.3498486847321236,-0.03339945818756411,0.03783388076888922,1.369143662769069,1.3210331583217911,-0.07123333895645334,-0.05277135116117814,0.05277135116117814,0.12861620528199652
24,PAYMENT_DEFERRAL_TYPE,numeric,-0.017370869455542722,3.5783740972978593,-0.03651045351479766,0.011212588317156229,3.6203999699769223,3.515611774283116,-0.04772304183195389,-0.013336515561073122,0.013336515561073122,0.34095443635978656
24,SCHOLARSHIP_NAME,categorical,0.01715045058433493,2.0141126528902844,0.060992563226267296,-0.04832428342696934,2.034182278402071,1.9841402516327522,0.10931684665323663,0.05427543811730946,0.05427543811730946,0.19190856675658516
24,REGION,categorical,0.00042123914471841977,0.04588369758987737,0.0018920354814289282,-0.001775279068658356,0.0454844184324532,0.04647998948945978,0.0036673145500872844,0.07992630809458454,0.07992630809458454,0.004371887853109878
25,DEGREE_PROGRAM,categorical,0.03929247703849909,1.2316334676123926,0.01452228155557783,0.07616314884400298,1.3071794890423807,1.1191824954641831,-0.06164086728842515,-0.050048061301809436,0.050048061301809436,0.11253620313419645
25,CURRICULUM_YEAR,numeric,0.00959757519472907,0.7232175294355436,-0.13690123754125025,0.22766245272096194,0.6036057864508306,0.9012607476538607,-0.3645636902622122,-0.5040858046496006,0.5040858046496006,0.0660814738662036
25,AGE,numeric,0.009309898298652275,0.26004241252937893,0.01994417993907314,-0.006519331168737082,0.257991693092044,0.263094927936099,0.026463511107810225,0.10176613441786325,0.10176613441786325,0.023760466510091973
25,MARITAL_STATUS,categorical,-0.003149880638313483,0.16119821051975883,-0.00354458530354087,-0.002562358986264653,0.16212047653607,0.15982540877386484,-0.0009822263172762167,-0.006093283009216908,0.006093283009216908,0.014728923044846636
25,ETHNICITY,categorical,-0.011710860550513116,0.11315139026512777,-0.02471838174075599,0.007650958581647412,0.10580237872655296,0.12409046390787871,-0.0323693403224034,-0.28607107916710534,0.28607107916710534,0.010338812783707626
25,DISABILITY,categorical,0.00017087663111705706,0.012019220045428405,0.0014784554741107602,-0.001775466925722506,0.010722288756911983,0.013949714616054622,0.0032539223998332666,0.2707265852138982,0.2707265852138982,0.0010982142204766822
25,INSTITUTION_TYPE,categorical,0.018946110936810975,0.5617643132109815,-0.019741011537700633,0.07653226106794427,0.581715819154095,0.5320663066627076,-0.0962732726056449,-0.17137662600060463,0.17137662600060463,0.05132925056641037
25,NATIONALITY_COUNTRY,categorical,-0.0023390757611133494,0.028315322366026633,-0.008132539320376305,0.006284549904578395,0.022608347970961822,0.03681020808737835,-0.0144170892249547,-0.509162108013033,0.509162108013033,0.002587213609720008
25,TRANSFER_STUDENT_FLAG,categorical,-0.0016429583458698097,0.03083253719545081,-0.002304531124881515,-0.0006582009656862281,0.030189969108346475,0.031789005910785366,-0.001646330159195287,-0.0533958703676905,0.0533958703676905,0.0028172153162550253
25,PAYMENT_PLAN,categorical,7.89357419737076e-05,0.32267938293974874,6.0025883053020594e-05,0.00010708324701195278,0.3226774025586966,0.3226823307558188,-4.7057363958932186e-05,-0.00014583319061236343,0.00014583319061236343,0.02948370074428087
25,ONLINE_ADMISSION_TYPE,categorical,0.059056269208651896,1.2982323988711453,0.021670102735900282,0.11470593394517599,1.328263835552155,1.2535303194516245,-0.09303583120927571,-0.07166346433055695,0.07166346433055695,0.11862144769253453
25,PAYMENT_DEFERRAL_TYPE,numeric,0.0923232030727955,3.769570585705282,0.05487963148601821,0.1480583158680968,3.7676734739701523,3.772394454584823,-0.0931786843820786,-0.024718646929022814,0.024718646929022814,0.34443133636502127
25,SCHOLARSHIP_NAME,categorical,-0.003436277059795068,2.3012366900143637,0.05096363241637695,-0.0844110602393631,2.3399328071541343,2.243637151238441,0.13537469265574004,0.05882693129444893,0.05882693129444893,0.2102674589619251
25,REGION,categorical,0.005936856509354764,0.13043763728902702,0.006979966609941606,0.004384177193508896,0.1316121183543896,0.12868941104140122,0.0025957894164327098,0.01990061665009229,0.01990061665009229,0.011918283184329801
26,DEGREE_PROGRAM,categorical,-0.004230110455525441,1.237871124685106,-0.048400832553209,0.06305525050286294,1.3034414872193782,1.1379876430083489,-0.11145608305607194,-0.09003851922341635,0.09003851922341635,0.1144294899297847
26,CURRICULUM_YEAR,numeric,0.034569332627923735,0.7808699778823289,-0.09766889600690175,0.2360081256482259,0.6726791799168512,0.9456772653290675,-0.33367702165512764,-0.4273144455624214,0.4273144455624214,0.07218405170674572
26,AGE,numeric,-0.006842161207919661,0.2361133526355197,-0.004430822971474166,-0.010515358201919197,0.23634178575819295,0.23576537994265542,0.006084535230445031,0.025769551626491558,0.025769551626491558,0.02182644862530978
26,MARITAL_STATUS,categorical,0.005496776776393434,0.139919500850021,0.006616537773642513,0.0037910423145395326,0.1404499043542128,0.13911153599143208,0.002825495459102981,0.02019372168952786,0.02019372168952786,0.012934235878206541
26,ETHNICITY,categorical,0.0007349665968122414,0.097230146210896,0.0009309879127027495,0.00043636688259282184,0.09842174262672926,0.09541498469331317,0.0004946210301099277,0.005087115975708555,0.005087115975708555,0.00898800837570348
26,DISABILITY,categorical,0.0012897700761997802,0.011444324988577791,0.0024905077538385887,-0.0005393163461954297,0.010253908060033748,0.013257689790512952,0.0030298241000340184,0.2647446750295878,0.2647446750295878,0.0010579197179082585
26,INSTITUTION_TYPE,categorical,0.014230297877876004,0.5691362651023911,-0.0071388504695582096,0.04678196992776285,0.5755692094899978,0.5593369463548461,-0.05392082039732106,-0.09474149461837644,0.09474149461837644,0.0526112704444708
26,NATIONALITY_COUNTRY,categorical,-0.0007565366722722342,0.028016222753638208,-0.00486413173333707,0.005500572182399164,0.02396809072896748,0.034182751430361584,-0.010364703915736233,-0.3699536517423736,0.3699536517423736,0.002589835093110821
26,TRANSFER_STUDENT_FLAG,categorical,0.0009161262460636719,0.021261975192147307,0.0006478252827119402,0.0013248297108764196,0.021000956770212256,0.021659585145135593,-0.0006770044281644794,-0.031841088235984666,0.031841088235984666,0.0019654687209511145
26,PAYMENT_PLAN,categorical,0.00598565080762583,0.2775509888746951,0.009815379053610001,0.00015181710135930224,0.2779763217334941,0.2769030783680637,0.0096635619522507,0.034817249224838726,0.034817249224838726,0.02565696658811549
26,ONLINE_ADMISSION_TYPE,categorical,0.005106776927535671,1.372674000036026,-0.006854299954167685,0.02332711241710773,1.399437971309346,1.3319043820110974,-0.030181412371275418,-0.021987312625199647,0.021987312625199647,0.12689074212305976
26,PAYMENT_DEFERRAL_TYPE,numeric,0.12236417391321636,3.6286502543866224,0.16631424074496834,0.0554149376208924,3.6774679700428377,3.554286117621522,0.11089930312407595,0.030562136152419594,0.030562136152419594,0.33543443211721335
26,SCHOLARSHIP_NAME,categorical,-0.0815244349708281,2.293966156521755,-0.03016386176113815,-0.15976211240342786,2.335291657296343,2.2310149276452163,0.12959825064228972,0.05649527577982848,0.05649527577982848,0.21205549751695524
26,REGION,categorical,0.003867943419124074,0.12305890575468188,0.0025015794853972483,0.00594932869233763,0.12200079452675866,0.12467072898334086,-0.003447749206940382,-0.028017063745174813,0.028017063745174813,0.011375633162464966
27,DEGREE_PROGRAM,categorical,-0.04680537208991327,1.2508280622758425,-0.05631787937814933,-0.03278497949406562,1.2855570856250407,1.1996412902637708,-0.023532899884083712,-0.018813856671288886,0.018813856671288886,0.11730868672860124
27,CURRICULUM_YEAR,numeric,0.00379748458985206,0.7379284578377316,-0.11071051082951976,0.17256971282544345,0.6453281228985129,0.8744111969321668,-0.2832802236549632,-0.3838857556530984,0.3838857556530984,0.06920648880478683
27,AGE,numeric,-0.009981633499527638,0.31753106268438935,0.0012911594156777531,-0.026596494075594095,0.3182450019821161,0.3164787944505299,0.027887653491271848,0.08782653657727603,0.08782653657727603,0.029779594080475945
27,MARITAL_STATUS,categorical,-0.004493244064409139,0.18093674162988077,-0.0007681060684332517,-0.009983688969705334,0.18316572093096156,0.17765147057123762,0.009215582901272083,0.05093262329285904,0.05093262329285904,0.016969120042713545
27,ETHNICITY,categorical,0.0008290588956279843,0.05727259563859797,-0.0012846937639232044,0.003944498520475815,0.05764956970191063,0.0567169772084787,-0.005229192284399019,-0.09130356719636584,0.09130356719636584,0.00537130016708924
27,DISABILITY,categorical,-0.004981256943065592,0.014200648786470772,-0.0014162388853103908,-0.010235702618268784,0.010657403062476919,0.019423004429276126,0.008819463732958393,0.621060619523304,0.621060619523304,0.001331805313676775
27,INSTITUTION_TYPE,categorical,-2.085713835269932e-05,0.6395761241818982,-0.014462512507082918,0.021264559194932444,0.6414984107936565,0.6367428845152555,-0.03572707170201536,-0.05586054630747039,0.05586054630747039,0.05998253273454424
27,NATIONALITY_COUNTRY,categorical,-0.0006230784780370023,0.023073971260706976,-0.0039007829073332404,0.004207898415794846,0.019843716069926562,0.027835013180279165,-0.008108681323128086,-0.3514211416626182,0.3514211416626182,0.0021639882793180435
27,TRANSFER_STUDENT_FLAG,categorical,-0.005273862754492776,0.03353610440812213,-0.0064337193246092736,-0.0035643613606784683,0.032411402956849106,0.03519379101189877,-0.0028693579639308053,-0.08556026451408213,0.08556026451408213,0.0031451775705704376
27,PAYMENT_PLAN,categorical,0.007289096687684089,0.3779923532976543,0.011032976269649806,0.0017710287398520193,0.3784056112112643,0.3773832564511306,0.009261947529797787,0.024503002372919334,0.024503002372919334,0.035449945437043356
27,ONLINE_ADMISSION_TYPE,categorical,-0.017073436633098075,1.36057254829843,-0.021456579792817253,-0.010613164273668216,1.3743210502929555,1.340308764027132,-0.010843415519149037,-0.007969744452591018,0.007969744452591018,0.127601053776708
27,PAYMENT_DEFERRAL_TYPE,numeric,0.07948867899204295,3.6106684897656702,0.06844177433756285,0.09577060504284882,3.626603774578137,3.5871816274245387,-0.027328830705285967,-0.007568911624744477,0.007568911624744477,0.33862590033045276
27,SCHOLARSHIP_NAME,categorical,-0.055009465615713966,2.0198512651165355,-0.038557412729205424,-0.07925798742885719,2.026693792022532,2.009766130812675,0.04070057469965176,0.02015028304438225,0.02015028304438225,0.18943139064757514
27,REGION,categorical,-0.001957704441817496,0.03873778318001089,-0.0020695029487878204,-0.001792925702431626,0.038589080839733746,0.03895695412279352,-0.0002765772463561944,-0.007139728287263253,0.007139728287263253,0.00363301608644453
28,DEGREE_PROGRAM,categorical,-0.046216501573196074,1.1808162649836815,-0.062202235087461,-0.022706843940743723,1.2392517956520879,1.0948771794635095,-0.039495391146717275,-0.033447533132737704,0.033447533132737704,0.11205457887924196
28,CURRICULUM_YEAR,numeric,0.013644419446435881,0.7314957409962022,-0.12031532265735073,0.2106543139615227,0.6222738180341923,0.8921245924971642,-0.33096963661887346,-0.4524559994951383,0.4524559994951383,0.06941591985135913
28,AGE,numeric,0.004384914273184856,0.23874280301019254,0.010080632881758617,-0.003991579325864958,0.23950149382930325,0.2376270230311146,0.014072212207623575,0.05894297976815995,0.05894297976815995,0.022655704401333472
28,MARITAL_STATUS,categorical,-0.004130651061334128,0.05921854663214967,-0.0020894956863098785,-0.007132506684577187,0.06127658427809426,0.05619186284514425,0.005043010998267308,0.08515931722528064,0.08515931722528064,0.005619595106778095
28,ETHNICITY,categorical,-0.007133791624456554,0.09207475326781533,-0.008398681634280113,-0.005273562248861711,0.0936590120295064,0.08974483946966899,-0.003125119385418402,-0.033941110613986136,0.033941110613986136,0.008737513200648315
28,DISABILITY,categorical,-0.0003730014512226041,0.011542750191191367,0.003724402182307451,-0.006398909272111434,0.007477784722595866,0.01752095234057383,0.010123311454418884,0.8770276828952166,0.8770276828952166,0.0010953592443953275
28,INSTITUTION_TYPE,categorical,0.00973191366837757,0.6799120676358982,-0.005998218323045119,0.03286566710556757,0.6869330924659476,0.6695864926577075,-0.03886388542861269,-0.05716016420144613,0.05716016420144613,0.06452084263499548
28,NATIONALITY_COUNTRY,categorical,0.0006812889416127778,0.025912562027918074,0.00014538472692626457,0.0014694244750761965,0.025384173321330993,0.026689644767198872,-0.001324039748149932,-0.05109644298095332,0.05109644298095332,0.0024589949442818037
28,TRANSFER_STUDENT_FLAG,categorical,-0.004402262934295457,0.034737476666666225,-0.008629804622161643,0.0018150343589419039,0.030636158797572963,0.040769141016517435,-0.010444838981103547,-0.3006792658352851,0.3006792658352851,0.003296442837586227
28,PAYMENT_PLAN,categorical,0.01159905177439329,0.29708516551733755,0.008277413719847955,0.016484068365693532,0.2966989809527492,0.297653113612319,-0.008206654645845577,-0.02762391259608904,0.02762391259608904,0.028192153259148412
28,ONLINE_ADMISSION_TYPE,categorical,-0.043437699179554465,1.6107474920386209,-0.0790904785272994,0.008995593003310539,1.65194871626937,1.5501542965596402,-0.08808607153060995,-0.0546864558014149,0.0546864558014149,0.15285327383568614
28,PAYMENT_DEFERRAL_TYPE,numeric,0.13569305122021463,3.552482364107853,0.07709894168183028,0.2218653531228207,3.5617793549052847,3.53880960580277,-0.14476641144099045,-0.040750775543215434,0.040750775543215434,0.33711588084496835
28,SCHOLARSHIP_NAME,categorical,-0.05067550953342771,1.9459645734330837,-0.025137258803841805,-0.08823371921136307,1.962231325280735,1.922041631993189,0.06309646040752126,0.03242425955175847,0.03242425955175847,0.18466398817175958
28,REGION,categorical,9.304230206729152e-05,0.0771345823969346,0.0014607366679804802,-0.0019183778345039616,0.0792889659887999,0.07396620600629376,0.003379114502484442,0.04380803522206832,0.04380803522206832,0.007319752787817623
29,DEGREE_PROGRAM,categorical,-0.008074584403026256,1.1699234109877839,-0.03551195712390265,0.032188331035030576,1.2327682717844883,1.0777018509384197,-0.06770028815893323,-0.05786728218539781,0.05786728218539781,0.10845101603196951
29,CURRICULUM_YEAR,numeric,0.017029803950573574,0.7419602106908397,-0.11357431886940356,0.2086845518908198,0.6356714190740943,0.8979334765138468,-0.32225887076022336,-0.4343344375032832,0.4343344375032832,0.06877915079652676
29,AGE,numeric,-0.0014699332288515632,0.23862184574233772,0.0031308133774277202,-0.00822128925134726,0.23991716806101554,0.23672102770438264,0.011352102628774981,0.04757361000816709,0.04757361000816709,0.022120064762470717
29,MARITAL_STATUS,categorical,-0.0014241821035340851,0.1408526577179375,-0.0005861044666718917,-0.0026540173857518747,0.1417689379849377,0.13950806414904493,0.002067912919079983,0.014681390841918317,0.014681390841918317,0.013056934921420304
29,ETHNICITY,categorical,0.01342652448067647,0.09554829936517391,0.009387185705709608,0.01935404375071594,0.08923972443044528,0.10480580451026848,-0.00996685804500633,-0.10431224952433972,0.10431224952433972,0.008857255140771004
29,DISABILITY,categorical,0.0012712424491279333,0.011279926550908129,0.0017467018349588354,0.0005735305639307035,0.010808553900354243,0.011971641364936579,0.001173171271028132,0.10400522252812736,0.10400522252812736,0.0010456406664938083
29,INSTITUTION_TYPE,categorical,5.2545659182607505e-06,0.5758175555234253,-0.012455011566098944,0.01829004614245929,0.57712080102475,0.5739051106275518,-0.030745057708558236,-0.05339374844278688,0.05339374844278688,0.05337785222439023
29,NATIONALITY_COUNTRY,categorical,-0.0013811195321863866,0.025337811496614158,-0.0012740471785700979,-0.0015382426344332453,0.02544330961295467,0.025182998505572804,0.0002641954558631474,0.01042692483123301,0.01042692483123301,0.0023487959767504955
29,TRANSFER_STUDENT_FLAG,categorical,0.0027925950440050623,0.0339510434842069,0.003806762703991905,0.0013043568242072621,0.03493837160196079,0.032502190894747804,0.002502405879784643,0.07370630245720412,0.07370630245720412,0.0031472360725725004
29,PAYMENT_PLAN,categorical,5.999896702034283e-05,0.24526822920735822,0.003526714813077036,-0.005027225978950862,0.2456312894735143,0.24473545717613307,0.008553940792027898,0.034875861499355065,0.034875861499355065,0.022736179486690967
29,ONLINE_ADMISSION_TYPE,categorical,-0.03981657010193387,1.3834386949921798,-0.04445730063746488,-0.0330065397457604,1.3958234460514,1.365264717851769,-0.011450760891704478,-0.008277028055637266,0.008277028055637266,0.12824372149555224
29,PAYMENT_DEFERRAL_TYPE,numeric,-0.039200885463801606,3.7147509584807494,-0.06405819853538942,-0.0027240731829711855,3.7120356961731176,3.718735464497687,-0.06133412535241824,-0.01651096561732971,0.01651096561732971,0.3443546064377171
29,SCHOLARSHIP_NAME,categorical,-0.006455663711706592,2.296172199570741,0.07317213003798904,-0.12330530375845748,2.3505994542268462,2.2163030381155604,0.19647743379644653,0.08556737767018392,0.08556737767018392,0.21285342757399475
29,REGION,categorical,-0.005453492248958164,0.114651618773945,-0.0038140034177966474,-0.007859356718644423,0.11614933201556592,0.11245380259774324,0.004045353300847775,0.03528387426281238,0.03528387426281238,0.01062811841267975
