feature,n_seeds,global_mean_abs_shap_mean,global_mean_abs_shap_std,female_mean_abs_shap_mean,male_mean_abs_shap_mean,normalized_disparity_mean,normalized_disparity_std,normalized_disparity_median,abs_normalized_disparity_mean,abs_normalized_disparity_p95,positive_seed_fraction,negative_seed_fraction,importance_rank
PAYMENT_DEFERRAL_TYPE,30,3.6841664722313663,0.11650803367762264,3.695627974727651,3.6671909195230317,-0.017564969679767957,0.026647461595558867,-0.02234539760429144,0.027088509063979496,0.053982466653252764,0.23333333333333334,0.7666666666666667,1
SCHOLARSHIP_NAME,30,2.231858000375332,0.22919444324676833,2.2605096646591623,2.189520041331378,0.050616691476900816,0.024879077219077148,0.04877168351889247,0.050616691476900816,0.09366052706171901,1.0,0.0,2
ONLINE_ADMISSION_TYPE,30,1.451055100448691,0.1764906571227245,1.4730459194620216,1.4186175765075575,-0.03153673734346439,0.033894347583716816,-0.032295113398807015,0.03851105084711892,0.07268532822341407,0.1,0.9,3
DEGREE_PROGRAM,30,1.2095729648404754,0.06059494042830162,1.2697480793691127,1.1208028975004387,-0.06427996262607628,0.038494277066982045,-0.06304298554672684,0.06576979721949687,0.12109594205643001,0.06666666666666667,0.9333333333333333,4
CURRICULUM_YEAR,30,0.7413883831600326,0.02515317637976797,0.635734304934526,0.8974411580600823,-0.4344205814431927,0.04798307625366362,-0.4278690212370102,0.4344205814431927,0.5268426674152707,0.0,1.0,5
INSTITUTION_TYPE,30,0.6260566236707199,0.04608268401397852,0.6333844534399009,0.6151018612594742,-0.0819519608279661,0.04026944379453517,-0.07900283731953466,0.0831296407431385,0.13827955111389795,0.03333333333333333,0.9666666666666667,6
PAYMENT_PLAN,30,0.28659649757425787,0.08912515158833842,0.28675219860630696,0.2863657196373149,0.010932619443973859,0.024725484773473794,0.00951187206134281,0.021787845052712602,0.046569271926931145,0.7,0.3,7
AGE,30,0.2466054867447706,0.04682936920983896,0.2469600175461676,0.24608826608677964,0.05977133429496779,0.03933042132772731,0.05215675412554817,0.059813431720368744,0.13355106621851992,0.9666666666666667,0.03333333333333333,8
MARITAL_STATUS,30,0.15811801446365117,0.048772124339883906,0.15874186365447912,0.1571992855486866,0.011827427673607643,0.033485508775211524,0.015476673098601915,0.02838754409711828,0.061874018898106696,0.6333333333333333,0.36666666666666664,9
REGION,30,0.07694582437125087,0.03597156423938803,0.07721481329959237,0.07652939206613493,0.008000665866931458,0.06959776852174505,0.02616268825142526,0.05762555251518268,0.13400144605912703,0.5333333333333333,0.4666666666666667,10
ETHNICITY,30,0.07102896592132803,0.023813343101768997,0.07045829031884489,0.07187999726357462,-0.07526770548279814,0.09947365705915971,-0.09061419856791655,0.09911516097660807,0.2512449175378127,0.26666666666666666,0.7333333333333333,11
TRANSFER_STUDENT_FLAG,30,0.03384263363728464,0.004595731706258143,0.032769218743565226,0.0354305698106711,-0.08375450925656723,0.13894547896868445,-0.0779814185908285,0.12444401215543294,0.3266777898691369,0.26666666666666666,0.7333333333333333,12
NATIONALITY_COUNTRY,30,0.03118475795857155,0.005112200759442949,0.02992206645575128,0.033033647792478936,-0.10784011572475684,0.19676860852980022,-0.09169012186433717,0.17125360835702816,0.4115629156246613,0.23333333333333334,0.7666666666666667,13
DISABILITY,30,0.010610261396457096,0.004141234718380512,0.009280277054766481,0.012577320229308585,0.2673423329477033,0.2871695408800775,0.2991338949582366,0.3284001479958907,0.613339358069629,0.8666666666666667,0.13333333333333333,14
