seed,model,gender_mode,threshold,group,n,tn,fp,fn,tp,tpr,fpr,positive_prediction_rate
0,LogisticRegression,gender_aware,0.5,Female,2263,137,4,149,1973,0.9297832233741753,0.028368794326241134,0.8736190897039329
0,LogisticRegression,gender_aware,0.5,Male,1527,62,4,75,1386,0.9486652977412731,0.06060606060606061,0.9102815979043877
0,RandomForestClassifier,gender_aware,0.5,Female,2263,119,22,24,2098,0.9886899151743638,0.15602836879432624,0.9368095448519664
0,RandomForestClassifier,gender_aware,0.5,Male,1527,50,16,9,1452,0.9938398357289527,0.24242424242424243,0.9613621480026195
0,LogisticRegression,gender_blind,0.5,Female,2263,136,5,147,1975,0.9307257304429783,0.03546099290780142,0.8749447635881573
0,LogisticRegression,gender_blind,0.5,Male,1527,62,4,78,1383,0.946611909650924,0.06060606060606061,0.908316961362148
0,RandomForestClassifier,gender_blind,0.5,Female,2263,124,17,28,2094,0.9868049010367578,0.12056737588652482,0.932832523199293
0,RandomForestClassifier,gender_blind,0.5,Male,1527,53,13,16,1445,0.9890485968514716,0.19696969696969696,0.9548133595284872
1,LogisticRegression,gender_aware,0.5,Female,2209,138,6,145,1920,0.9297820823244553,0.041666666666666664,0.8718877320054323
1,LogisticRegression,gender_aware,0.5,Male,1581,61,2,99,1419,0.9347826086956522,0.031746031746031744,0.898798228969007
1,RandomForestClassifier,gender_aware,0.5,Female,2209,117,27,27,2038,0.9869249394673123,0.1875,0.9348121321865097
1,RandomForestClassifier,gender_aware,0.5,Male,1581,52,11,15,1503,0.9901185770750988,0.1746031746031746,0.9576217583807717
1,LogisticRegression,gender_blind,0.5,Female,2209,138,6,145,1920,0.9297820823244553,0.041666666666666664,0.8718877320054323
1,LogisticRegression,gender_blind,0.5,Male,1581,61,2,100,1418,0.9341238471673254,0.031746031746031744,0.8981657179000633
1,RandomForestClassifier,gender_blind,0.5,Female,2209,122,22,30,2035,0.9854721549636803,0.1527777777777778,0.9311905839746492
1,RandomForestClassifier,gender_blind,0.5,Male,1581,49,14,17,1501,0.9888010540184453,0.2222222222222222,0.9582542694497154
2,LogisticRegression,gender_aware,0.5,Female,2228,131,8,150,1939,0.9281953087601723,0.05755395683453238,0.8738779174147218
2,LogisticRegression,gender_aware,0.5,Male,1562,63,5,88,1406,0.9410977242302544,0.07352941176470588,0.9033290653008963
2,RandomForestClassifier,gender_aware,0.5,Female,2228,114,25,26,2063,0.9875538535184298,0.17985611510791366,0.9371633752244165
2,RandomForestClassifier,gender_aware,0.5,Male,1562,41,27,8,1486,0.9946452476572959,0.39705882352941174,0.9686299615877081
2,LogisticRegression,gender_blind,0.5,Female,2228,130,9,145,1944,0.9305887984681666,0.06474820143884892,0.8765709156193896
2,LogisticRegression,gender_blind,0.5,Male,1562,64,4,88,1406,0.9410977242302544,0.058823529411764705,0.9026888604353394
2,RandomForestClassifier,gender_blind,0.5,Female,2228,114,25,27,2062,0.987075155576831,0.17985611510791366,0.9367145421903053
2,RandomForestClassifier,gender_blind,0.5,Male,1562,52,16,14,1480,0.9906291834002677,0.23529411764705882,0.9577464788732394
3,LogisticRegression,gender_aware,0.5,Female,2211,135,6,127,1943,0.938647342995169,0.0425531914893617,0.8815015829941203
3,LogisticRegression,gender_aware,0.5,Male,1579,63,3,94,1419,0.937871777924653,0.045454545454545456,0.9005699810006333
3,RandomForestClassifier,gender_aware,0.5,Female,2211,112,29,23,2047,0.9888888888888889,0.20567375886524822,0.9389416553595658
3,RandomForestClassifier,gender_aware,0.5,Male,1579,47,19,14,1499,0.9907468605419696,0.2878787878787879,0.9613679544015199
3,LogisticRegression,gender_blind,0.5,Female,2211,135,6,126,1944,0.9391304347826087,0.0425531914893617,0.8819538670284939
3,LogisticRegression,gender_blind,0.5,Male,1579,63,3,95,1418,0.9372108393919365,0.045454545454545456,0.8999366687777074
3,RandomForestClassifier,gender_blind,0.5,Female,2211,115,26,26,2044,0.9874396135265701,0.18439716312056736,0.9362279511533242
3,RandomForestClassifier,gender_blind,0.5,Male,1579,47,19,22,1491,0.985459352280238,0.2878787878787879,0.9563014566181127
4,LogisticRegression,gender_aware,0.5,Female,2250,134,5,147,1964,0.9303647560397915,0.03597122302158273,0.8751111111111111
4,LogisticRegression,gender_aware,0.5,Male,1540,65,3,89,1383,0.9395380434782609,0.04411764705882353,0.9
4,RandomForestClassifier,gender_aware,0.5,Female,2250,119,20,31,2080,0.98531501657982,0.14388489208633093,0.9333333333333333
4,RandomForestClassifier,gender_aware,0.5,Male,1540,49,19,9,1463,0.9938858695652174,0.27941176470588236,0.9623376623376624
4,LogisticRegression,gender_blind,0.5,Female,2250,133,6,143,1968,0.9322595926101374,0.04316546762589928,0.8773333333333333
4,LogisticRegression,gender_blind,0.5,Male,1540,66,2,92,1380,0.9375,0.029411764705882353,0.8974025974025974
4,RandomForestClassifier,gender_blind,0.5,Female,2250,116,23,31,2080,0.98531501657982,0.16546762589928057,0.9346666666666666
4,RandomForestClassifier,gender_blind,0.5,Male,1540,50,18,16,1456,0.9891304347826086,0.2647058823529412,0.9571428571428572
5,LogisticRegression,gender_aware,0.5,Female,2250,142,4,129,1975,0.9386882129277566,0.0273972602739726,0.8795555555555555
5,LogisticRegression,gender_aware,0.5,Male,1540,61,0,85,1394,0.9425287356321839,0.0,0.9051948051948052
5,RandomForestClassifier,gender_aware,0.5,Female,2250,125,21,27,2077,0.9871673003802282,0.14383561643835616,0.9324444444444444
5,RandomForestClassifier,gender_aware,0.5,Male,1540,50,11,17,1462,0.9885057471264368,0.18032786885245902,0.9564935064935065
5,LogisticRegression,gender_blind,0.5,Female,2250,142,4,133,1971,0.936787072243346,0.0273972602739726,0.8777777777777778
5,LogisticRegression,gender_blind,0.5,Male,1540,61,0,82,1397,0.9445571331981069,0.0,0.9071428571428571
5,RandomForestClassifier,gender_blind,0.5,Female,2250,126,20,30,2074,0.9857414448669202,0.136986301369863,0.9306666666666666
5,RandomForestClassifier,gender_blind,0.5,Male,1540,51,10,15,1464,0.9898580121703854,0.16393442622950818,0.9571428571428572
6,LogisticRegression,gender_aware,0.5,Female,2246,143,4,119,1980,0.9433063363506432,0.027210884353741496,0.8833481745325023
6,LogisticRegression,gender_aware,0.5,Male,1544,57,3,89,1395,0.9400269541778976,0.05,0.905440414507772
6,RandomForestClassifier,gender_aware,0.5,Female,2246,117,30,15,2084,0.9928537398761315,0.20408163265306123,0.9412288512911843
6,RandomForestClassifier,gender_aware,0.5,Male,1544,42,18,12,1472,0.9919137466307277,0.3,0.9650259067357513
6,LogisticRegression,gender_blind,0.5,Female,2246,143,4,121,1978,0.9423535016674607,0.027210884353741496,0.8824577025823687
6,LogisticRegression,gender_blind,0.5,Male,1544,57,3,87,1397,0.9413746630727763,0.05,0.9067357512953368
6,RandomForestClassifier,gender_blind,0.5,Female,2246,123,24,20,2079,0.9904716531681753,0.16326530612244897,0.9363312555654497
6,RandomForestClassifier,gender_blind,0.5,Male,1544,48,12,15,1469,0.9898921832884097,0.2,0.9591968911917098
7,LogisticRegression,gender_aware,0.5,Female,2269,138,5,149,1977,0.9299153339604892,0.03496503496503497,0.873512560599383
7,LogisticRegression,gender_aware,0.5,Male,1521,64,0,93,1364,0.9361702127659575,0.0,0.8967784352399737
7,RandomForestClassifier,gender_aware,0.5,Female,2269,117,26,29,2097,0.9863593603010348,0.18181818181818182,0.9356544733362715
7,RandomForestClassifier,gender_aware,0.5,Male,1521,45,19,12,1445,0.9917638984214139,0.296875,0.9625246548323472
7,LogisticRegression,gender_blind,0.5,Female,2269,138,5,149,1977,0.9299153339604892,0.03496503496503497,0.873512560599383
7,LogisticRegression,gender_blind,0.5,Male,1521,64,0,95,1362,0.9347975291695264,0.0,0.8954635108481263
7,RandomForestClassifier,gender_blind,0.5,Female,2269,117,26,31,2095,0.9854186265286924,0.18181818181818182,0.9347730277655355
7,RandomForestClassifier,gender_blind,0.5,Male,1521,43,21,21,1436,0.9855868222374743,0.328125,0.957922419460881
8,LogisticRegression,gender_aware,0.5,Female,2249,137,2,128,1982,0.9393364928909953,0.014388489208633094,0.8821698532681191
8,LogisticRegression,gender_aware,0.5,Male,1541,66,2,72,1401,0.9511201629327902,0.029411764705882353,0.9104477611940298
8,RandomForestClassifier,gender_aware,0.5,Female,2249,117,22,23,2087,0.9890995260663508,0.15827338129496402,0.9377501111605158
8,RandomForestClassifier,gender_aware,0.5,Male,1541,48,20,7,1466,0.9952477936184657,0.29411764705882354,0.9643088903309539
8,LogisticRegression,gender_blind,0.5,Female,2249,137,2,126,1984,0.9402843601895735,0.014388489208633094,0.8830591373943976
8,LogisticRegression,gender_blind,0.5,Male,1541,66,2,76,1397,0.9484046164290564,0.029411764705882353,0.9078520441271901
8,RandomForestClassifier,gender_blind,0.5,Female,2249,121,18,25,2085,0.9881516587677726,0.12949640287769784,0.9350822587816807
8,RandomForestClassifier,gender_blind,0.5,Male,1541,53,15,13,1460,0.991174473862865,0.22058823529411764,0.9571706683971447
9,LogisticRegression,gender_aware,0.5,Female,2260,147,4,149,1960,0.9293504030346136,0.026490066225165563,0.8690265486725663
9,LogisticRegression,gender_aware,0.5,Male,1530,56,0,98,1376,0.9335142469470827,0.0,0.8993464052287582
9,RandomForestClassifier,gender_aware,0.5,Female,2260,125,26,23,2086,0.9890943575154102,0.17218543046357615,0.9345132743362832
9,RandomForestClassifier,gender_aware,0.5,Male,1530,46,10,10,1464,0.9932157394843962,0.17857142857142858,0.9633986928104575
9,LogisticRegression,gender_blind,0.5,Female,2260,147,4,152,1957,0.9279279279279279,0.026490066225165563,0.8676991150442478
9,LogisticRegression,gender_blind,0.5,Male,1530,56,0,97,1377,0.9341926729986432,0.0,0.9
9,RandomForestClassifier,gender_blind,0.5,Female,2260,125,26,26,2083,0.9876718824087245,0.17218543046357615,0.9331858407079646
9,RandomForestClassifier,gender_blind,0.5,Male,1530,45,11,11,1463,0.9925373134328358,0.19642857142857142,0.9633986928104575
10,LogisticRegression,gender_aware,0.5,Female,2278,138,6,149,1985,0.930178069353327,0.041666666666666664,0.8740122914837577
10,LogisticRegression,gender_aware,0.5,Male,1512,62,1,83,1366,0.9427191166321601,0.015873015873015872,0.9041005291005291
10,RandomForestClassifier,gender_aware,0.5,Female,2278,120,24,22,2112,0.9896907216494846,0.16666666666666666,0.9376646180860404
10,RandomForestClassifier,gender_aware,0.5,Male,1512,50,13,14,1435,0.9903381642512077,0.20634920634920634,0.9576719576719577
10,LogisticRegression,gender_blind,0.5,Female,2278,140,4,151,1983,0.9292408622305529,0.027777777777777776,0.8722563652326603
10,LogisticRegression,gender_blind,0.5,Male,1512,62,1,83,1366,0.9427191166321601,0.015873015873015872,0.9041005291005291
10,RandomForestClassifier,gender_blind,0.5,Female,2278,115,29,26,2108,0.9878163074039362,0.2013888888888889,0.9381035996488147
10,RandomForestClassifier,gender_blind,0.5,Male,1512,53,10,15,1434,0.989648033126294,0.15873015873015872,0.955026455026455
11,LogisticRegression,gender_aware,0.5,Female,2250,142,4,130,1974,0.938212927756654,0.0273972602739726,0.8791111111111111
11,LogisticRegression,gender_aware,0.5,Male,1540,57,4,90,1389,0.9391480730223124,0.06557377049180328,0.9045454545454545
11,RandomForestClassifier,gender_aware,0.5,Female,2250,118,28,22,2082,0.9895437262357415,0.1917808219178082,0.9377777777777778
11,RandomForestClassifier,gender_aware,0.5,Male,1540,49,12,16,1463,0.9891818796484111,0.19672131147540983,0.9577922077922078
11,LogisticRegression,gender_blind,0.5,Female,2250,142,4,129,1975,0.9386882129277566,0.0273972602739726,0.8795555555555555
11,LogisticRegression,gender_blind,0.5,Male,1540,57,4,95,1384,0.9357674104124408,0.06557377049180328,0.9012987012987013
11,RandomForestClassifier,gender_blind,0.5,Female,2250,118,28,25,2079,0.9881178707224335,0.1917808219178082,0.9364444444444444
11,RandomForestClassifier,gender_blind,0.5,Male,1540,49,12,19,1460,0.9871534820824882,0.19672131147540983,0.9558441558441558
12,LogisticRegression,gender_aware,0.5,Female,2227,130,6,128,1963,0.9387852702056433,0.04411764705882353,0.8841490794791199
12,LogisticRegression,gender_aware,0.5,Male,1563,68,3,104,1388,0.9302949061662198,0.04225352112676056,0.889955214331414
12,RandomForestClassifier,gender_aware,0.5,Female,2227,106,30,22,2069,0.989478718316595,0.22058823529411764,0.9425235743152223
12,RandomForestClassifier,gender_aware,0.5,Male,1563,55,16,12,1480,0.9919571045576407,0.22535211267605634,0.9571337172104927
12,LogisticRegression,gender_blind,0.5,Female,2227,130,6,129,1962,0.9383070301291249,0.04411764705882353,0.8837000449034575
12,LogisticRegression,gender_blind,0.5,Male,1563,68,3,102,1390,0.9316353887399463,0.04225352112676056,0.891234804862444
12,RandomForestClassifier,gender_blind,0.5,Female,2227,108,28,26,2065,0.9875657580105213,0.20588235294117646,0.9398293668612483
12,RandomForestClassifier,gender_blind,0.5,Male,1563,57,14,17,1475,0.9886058981233244,0.19718309859154928,0.9526551503518874
13,LogisticRegression,gender_aware,0.5,Female,2308,143,5,137,2023,0.9365740740740741,0.033783783783783786,0.878682842287695
13,LogisticRegression,gender_aware,0.5,Male,1482,56,3,85,1338,0.9402670414617006,0.05084745762711865,0.9048582995951417
13,RandomForestClassifier,gender_aware,0.5,Female,2308,119,29,26,2134,0.9879629629629629,0.19594594594594594,0.9371750433275563
13,RandomForestClassifier,gender_aware,0.5,Male,1482,45,14,17,1406,0.9880534082923401,0.23728813559322035,0.9581646423751687
13,LogisticRegression,gender_blind,0.5,Female,2308,143,5,137,2023,0.9365740740740741,0.033783783783783786,0.878682842287695
13,LogisticRegression,gender_blind,0.5,Male,1482,56,3,86,1337,0.9395643007730148,0.05084745762711865,0.9041835357624831
13,RandomForestClassifier,gender_blind,0.5,Female,2308,122,26,26,2134,0.9879629629629629,0.17567567567567569,0.9358752166377816
13,RandomForestClassifier,gender_blind,0.5,Male,1482,49,10,19,1404,0.9866479269149684,0.1694915254237288,0.9541160593792173
14,LogisticRegression,gender_aware,0.5,Female,2283,135,3,145,2000,0.9324009324009324,0.021739130434782608,0.8773543583004818
14,LogisticRegression,gender_aware,0.5,Male,1507,66,3,89,1349,0.9381084840055632,0.043478260869565216,0.8971466489714665
14,RandomForestClassifier,gender_aware,0.5,Female,2283,121,17,27,2118,0.9874125874125874,0.12318840579710146,0.9351730179588261
14,RandomForestClassifier,gender_aware,0.5,Male,1507,48,21,9,1429,0.9937413073713491,0.30434782608695654,0.962176509621765
14,LogisticRegression,gender_blind,0.5,Female,2283,135,3,143,2002,0.9333333333333333,0.021739130434782608,0.8782303985983355
14,LogisticRegression,gender_blind,0.5,Male,1507,66,3,92,1346,0.9360222531293463,0.043478260869565216,0.8951559389515594
14,RandomForestClassifier,gender_blind,0.5,Female,2283,120,18,27,2118,0.9874125874125874,0.13043478260869565,0.9356110381077529
14,RandomForestClassifier,gender_blind,0.5,Male,1507,53,16,18,1420,0.9874826147426982,0.2318840579710145,0.9528865295288653
15,LogisticRegression,gender_aware,0.5,Female,2279,142,5,129,2003,0.9394934333958724,0.034013605442176874,0.8810881965774463
15,LogisticRegression,gender_aware,0.5,Male,1511,60,0,92,1359,0.9365954514128187,0.0,0.899404367968233
15,RandomForestClassifier,gender_aware,0.5,Female,2279,120,27,24,2108,0.9887429643527205,0.1836734693877551,0.9368143922773147
15,RandomForestClassifier,gender_aware,0.5,Male,1511,46,14,9,1442,0.9937973811164714,0.23333333333333334,0.9636002647253474
15,LogisticRegression,gender_blind,0.5,Female,2279,142,5,129,2003,0.9394934333958724,0.034013605442176874,0.8810881965774463
15,LogisticRegression,gender_blind,0.5,Male,1511,60,0,92,1359,0.9365954514128187,0.0,0.899404367968233
15,RandomForestClassifier,gender_blind,0.5,Female,2279,124,23,25,2107,0.9882739212007504,0.1564625850340136,0.9346204475647214
15,RandomForestClassifier,gender_blind,0.5,Male,1511,45,15,14,1437,0.9903514817367333,0.25,0.9609530112508272
16,LogisticRegression,gender_aware,0.5,Female,2317,142,1,151,2023,0.9305427782888684,0.006993006993006993,0.8735433750539491
16,LogisticRegression,gender_aware,0.5,Male,1473,62,2,89,1320,0.9368346344925479,0.03125,0.8974881194840462
16,RandomForestClassifier,gender_aware,0.5,Female,2317,127,16,31,2143,0.9857405703771849,0.11188811188811189,0.9318083728959862
16,RandomForestClassifier,gender_aware,0.5,Male,1473,45,19,12,1397,0.9914833215046132,0.296875,0.9613034623217923
16,LogisticRegression,gender_blind,0.5,Female,2317,142,1,150,2024,0.9310027598896045,0.006993006993006993,0.8739749676305567
16,LogisticRegression,gender_blind,0.5,Male,1473,62,2,91,1318,0.9354151880766501,0.03125,0.8961303462321792
16,RandomForestClassifier,gender_blind,0.5,Female,2317,126,17,39,2135,0.9820607175712971,0.11888111888111888,0.9287872248597324
16,RandomForestClassifier,gender_blind,0.5,Male,1473,49,15,17,1392,0.9879347054648687,0.234375,0.955193482688391
17,LogisticRegression,gender_aware,0.5,Female,2248,133,7,134,1974,0.9364326375711575,0.05,0.8812277580071174
17,LogisticRegression,gender_aware,0.5,Male,1542,64,3,75,1400,0.9491525423728814,0.04477611940298507,0.9098573281452659
17,RandomForestClassifier,gender_aware,0.5,Female,2248,115,25,30,2078,0.9857685009487666,0.17857142857142858,0.9354982206405694
17,RandomForestClassifier,gender_aware,0.5,Male,1542,52,15,17,1458,0.9884745762711864,0.22388059701492538,0.9552529182879378
17,LogisticRegression,gender_blind,0.5,Female,2248,133,7,132,1976,0.937381404174573,0.05,0.8821174377224199
17,LogisticRegression,gender_blind,0.5,Male,1542,64,3,75,1400,0.9491525423728814,0.04477611940298507,0.9098573281452659
17,RandomForestClassifier,gender_blind,0.5,Female,2248,113,27,34,2074,0.9838709677419355,0.19285714285714287,0.9346085409252669
17,RandomForestClassifier,gender_blind,0.5,Male,1542,51,16,22,1453,0.9850847457627119,0.23880597014925373,0.9526588845654993
18,LogisticRegression,gender_aware,0.5,Female,2270,138,8,136,1988,0.935969868173258,0.0547945205479452,0.879295154185022
18,LogisticRegression,gender_aware,0.5,Male,1520,59,2,73,1386,0.9499657299520219,0.03278688524590164,0.9131578947368421
18,RandomForestClassifier,gender_aware,0.5,Female,2270,115,31,20,2104,0.9905838041431262,0.21232876712328766,0.9405286343612335
18,RandomForestClassifier,gender_aware,0.5,Male,1520,44,17,10,1449,0.9931459904043866,0.2786885245901639,0.9644736842105263
18,LogisticRegression,gender_blind,0.5,Female,2270,138,8,136,1988,0.935969868173258,0.0547945205479452,0.879295154185022
18,LogisticRegression,gender_blind,0.5,Male,1520,59,2,73,1386,0.9499657299520219,0.03278688524590164,0.9131578947368421
18,RandomForestClassifier,gender_blind,0.5,Female,2270,115,31,25,2099,0.9882297551789078,0.21232876712328766,0.9383259911894273
18,RandomForestClassifier,gender_blind,0.5,Male,1520,45,16,12,1447,0.9917751884852639,0.26229508196721313,0.9625
19,LogisticRegression,gender_aware,0.5,Female,2197,130,6,126,1935,0.9388646288209607,0.04411764705882353,0.8834774692762859
19,LogisticRegression,gender_aware,0.5,Male,1593,68,3,77,1445,0.9494086727989488,0.04225352112676056,0.9089767733835531
19,RandomForestClassifier,gender_aware,0.5,Female,2197,120,16,24,2037,0.9883551673944687,0.11764705882352941,0.9344560764679107
19,RandomForestClassifier,gender_aware,0.5,Male,1593,50,21,3,1519,0.9980289093298291,0.29577464788732394,0.9667294413057125
19,LogisticRegression,gender_blind,0.5,Female,2197,130,6,120,1941,0.9417758369723436,0.04411764705882353,0.8862084660901229
19,LogisticRegression,gender_blind,0.5,Male,1593,68,3,80,1442,0.9474375821287779,0.04225352112676056,0.9070935342121783
19,RandomForestClassifier,gender_blind,0.5,Female,2197,115,21,21,2040,0.9898107714701602,0.15441176470588236,0.9380974055530269
19,RandomForestClassifier,gender_blind,0.5,Male,1593,50,21,7,1515,0.9954007884362681,0.29577464788732394,0.9642184557438794
20,LogisticRegression,gender_aware,0.5,Female,2254,134,4,142,1974,0.9328922495274102,0.028985507246376812,0.8775510204081632
20,LogisticRegression,gender_aware,0.5,Male,1536,67,2,87,1380,0.9406952965235174,0.028985507246376812,0.8997395833333334
20,RandomForestClassifier,gender_aware,0.5,Female,2254,123,15,25,2091,0.9881852551984878,0.10869565217391304,0.9343389529724934
20,RandomForestClassifier,gender_aware,0.5,Male,1536,51,18,12,1455,0.9918200408997955,0.2608695652173913,0.958984375
20,LogisticRegression,gender_blind,0.5,Female,2254,134,4,138,1978,0.9347826086956522,0.028985507246376812,0.8793256433007985
20,LogisticRegression,gender_blind,0.5,Male,1536,67,2,87,1380,0.9406952965235174,0.028985507246376812,0.8997395833333334
20,RandomForestClassifier,gender_blind,0.5,Female,2254,124,14,31,2085,0.9853497164461248,0.10144927536231885,0.9312333629103815
20,RandomForestClassifier,gender_blind,0.5,Male,1536,54,15,19,1448,0.9870483980913429,0.21739130434782608,0.9524739583333334
21,LogisticRegression,gender_aware,0.5,Female,2289,143,6,128,2012,0.9401869158878504,0.040268456375838924,0.8816076889471385
21,LogisticRegression,gender_aware,0.5,Male,1501,55,3,85,1358,0.9410949410949411,0.05172413793103448,0.9067288474350433
21,RandomForestClassifier,gender_aware,0.5,Female,2289,125,24,31,2109,0.9855140186915888,0.1610738255033557,0.9318479685452162
21,RandomForestClassifier,gender_aware,0.5,Male,1501,44,14,9,1434,0.9937629937629938,0.2413793103448276,0.9646902065289806
21,LogisticRegression,gender_blind,0.5,Female,2289,143,6,127,2013,0.9406542056074766,0.040268456375838924,0.8820445609436435
21,LogisticRegression,gender_blind,0.5,Male,1501,56,2,89,1354,0.9383229383229383,0.034482758620689655,0.9033977348434377
21,RandomForestClassifier,gender_blind,0.5,Female,2289,128,21,32,2108,0.9850467289719627,0.14093959731543623,0.9301004805591961
21,RandomForestClassifier,gender_blind,0.5,Male,1501,44,14,15,1428,0.9896049896049897,0.2413793103448276,0.960692871419054
22,LogisticRegression,gender_aware,0.5,Female,2306,147,5,125,2029,0.9419684308263695,0.03289473684210526,0.8820468343451865
22,LogisticRegression,gender_aware,0.5,Male,1484,49,6,67,1362,0.9531140657802659,0.10909090909090909,0.921832884097035
22,RandomForestClassifier,gender_aware,0.5,Female,2306,119,33,28,2126,0.9870009285051068,0.21710526315789475,0.9362532523850824
22,RandomForestClassifier,gender_aware,0.5,Male,1484,39,16,13,1416,0.9909027291812457,0.2909090909090909,0.9649595687331537
22,LogisticRegression,gender_blind,0.5,Female,2306,147,5,121,2033,0.9438254410399257,0.03289473684210526,0.8837814397224631
22,LogisticRegression,gender_blind,0.5,Male,1484,50,5,70,1359,0.9510146955913226,0.09090909090909091,0.9191374663072777
22,RandomForestClassifier,gender_blind,0.5,Female,2306,122,30,34,2120,0.9842154131847726,0.19736842105263158,0.9323503902862099
22,RandomForestClassifier,gender_blind,0.5,Male,1484,44,11,14,1415,0.9902029391182645,0.2,0.9609164420485176
23,LogisticRegression,gender_aware,0.5,Female,2242,147,5,137,1953,0.9344497607655502,0.03289473684210526,0.8733273862622658
23,LogisticRegression,gender_aware,0.5,Male,1548,52,3,88,1405,0.9410582719356999,0.05454545454545454,0.9095607235142119
23,RandomForestClassifier,gender_aware,0.5,Female,2242,127,25,22,2068,0.9894736842105263,0.16447368421052633,0.9335414808206958
23,RandomForestClassifier,gender_aware,0.5,Male,1548,37,18,19,1474,0.9872739450770261,0.32727272727272727,0.9638242894056848
23,LogisticRegression,gender_blind,0.5,Female,2242,146,6,136,1954,0.9349282296650717,0.039473684210526314,0.8742194469223907
23,LogisticRegression,gender_blind,0.5,Male,1548,53,2,89,1404,0.9403884795713329,0.03636363636363636,0.9082687338501292
23,RandomForestClassifier,gender_blind,0.5,Female,2242,129,23,26,2064,0.9875598086124402,0.1513157894736842,0.9308652988403211
23,RandomForestClassifier,gender_blind,0.5,Male,1548,41,14,27,1466,0.9819156061620897,0.2545454545454545,0.9560723514211886
24,LogisticRegression,gender_aware,0.5,Female,2270,137,3,168,1962,0.9211267605633803,0.02142857142857143,0.8656387665198237
24,LogisticRegression,gender_aware,0.5,Male,1520,66,1,72,1381,0.9504473503097041,0.014925373134328358,0.9092105263157895
24,RandomForestClassifier,gender_aware,0.5,Female,2270,128,12,28,2102,0.9868544600938968,0.08571428571428572,0.9312775330396476
24,RandomForestClassifier,gender_aware,0.5,Male,1520,56,11,7,1446,0.9951823812801102,0.16417910447761194,0.9585526315789473
24,LogisticRegression,gender_blind,0.5,Female,2270,137,3,164,1966,0.9230046948356807,0.02142857142857143,0.8674008810572688
24,LogisticRegression,gender_blind,0.5,Male,1520,66,1,77,1376,0.9470061940812113,0.014925373134328358,0.905921052631579
24,RandomForestClassifier,gender_blind,0.5,Female,2270,127,13,35,2095,0.9835680751173709,0.09285714285714286,0.9286343612334802
24,RandomForestClassifier,gender_blind,0.5,Male,1520,56,11,13,1440,0.9910529938059188,0.16417910447761194,0.9546052631578947
25,LogisticRegression,gender_aware,0.5,Female,2267,147,4,119,1997,0.9437618147448015,0.026490066225165563,0.8826643140714601
25,LogisticRegression,gender_aware,0.5,Male,1523,52,4,78,1389,0.9468302658486708,0.07142857142857142,0.9146421536441235
25,RandomForestClassifier,gender_aware,0.5,Female,2267,120,31,22,2094,0.9896030245746692,0.2052980132450331,0.937362152624614
25,RandomForestClassifier,gender_aware,0.5,Male,1523,41,15,7,1460,0.9952283571915473,0.26785714285714285,0.9684832567301379
25,LogisticRegression,gender_blind,0.5,Female,2267,147,4,117,1999,0.9447069943289225,0.026490066225165563,0.8835465372739303
25,LogisticRegression,gender_blind,0.5,Male,1523,52,4,81,1386,0.9447852760736196,0.07142857142857142,0.912672357189757
25,RandomForestClassifier,gender_blind,0.5,Female,2267,121,30,24,2092,0.9886578449905482,0.1986754966887417,0.9360388178209087
25,RandomForestClassifier,gender_blind,0.5,Male,1523,40,16,11,1456,0.9925017041581459,0.2857142857142857,0.9665134602757715
26,LogisticRegression,gender_aware,0.5,Female,2288,140,3,133,2012,0.937995337995338,0.02097902097902098,0.8806818181818182
26,LogisticRegression,gender_aware,0.5,Male,1502,59,5,72,1366,0.9499304589707928,0.078125,0.9127829560585885
26,RandomForestClassifier,gender_aware,0.5,Female,2288,116,27,27,2118,0.9874125874125874,0.1888111888111888,0.9375
26,RandomForestClassifier,gender_aware,0.5,Male,1502,46,18,9,1429,0.9937413073713491,0.28125,0.9633821571238349
26,LogisticRegression,gender_blind,0.5,Female,2288,140,3,132,2013,0.9384615384615385,0.02097902097902098,0.8811188811188811
26,LogisticRegression,gender_blind,0.5,Male,1502,60,4,79,1359,0.9450625869262865,0.0625,0.90745672436751
26,RandomForestClassifier,gender_blind,0.5,Female,2288,120,23,32,2113,0.985081585081585,0.16083916083916083,0.9335664335664335
26,RandomForestClassifier,gender_blind,0.5,Male,1502,50,14,12,1426,0.9916550764951322,0.21875,0.9587217043941412
27,LogisticRegression,gender_aware,0.5,Female,2258,143,5,118,1992,0.9440758293838862,0.033783783783783786,0.8844109831709478
27,LogisticRegression,gender_aware,0.5,Male,1532,58,1,118,1355,0.9198913781398507,0.01694915254237288,0.8851174934725848
27,RandomForestClassifier,gender_aware,0.5,Female,2258,124,24,16,2094,0.9924170616113744,0.16216216216216217,0.9379982285208148
27,RandomForestClassifier,gender_aware,0.5,Male,1532,47,12,17,1456,0.988458927359131,0.2033898305084746,0.95822454308094
27,LogisticRegression,gender_blind,0.5,Female,2258,143,5,119,1991,0.9436018957345972,0.033783783783783786,0.8839681133746679
27,LogisticRegression,gender_blind,0.5,Male,1532,58,1,114,1359,0.9226069246435845,0.01694915254237288,0.8877284595300261
27,RandomForestClassifier,gender_blind,0.5,Female,2258,124,24,22,2088,0.9895734597156398,0.16216216216216217,0.9353410097431355
27,RandomForestClassifier,gender_blind,0.5,Male,1532,47,12,25,1448,0.9830278343516633,0.2033898305084746,0.9530026109660574
28,LogisticRegression,gender_aware,0.5,Female,2256,143,7,138,1968,0.9344729344729344,0.04666666666666667,0.8754432624113475
28,LogisticRegression,gender_aware,0.5,Male,1534,55,2,98,1379,0.933649289099526,0.03508771929824561,0.9002607561929595
28,RandomForestClassifier,gender_aware,0.5,Female,2256,121,29,24,2082,0.9886039886039886,0.19333333333333333,0.93572695035461
28,RandomForestClassifier,gender_aware,0.5,Male,1534,40,17,7,1470,0.995260663507109,0.2982456140350877,0.969361147327249
28,LogisticRegression,gender_blind,0.5,Female,2256,143,7,138,1968,0.9344729344729344,0.04666666666666667,0.8754432624113475
28,LogisticRegression,gender_blind,0.5,Male,1534,55,2,97,1380,0.9343263371699391,0.03508771929824561,0.9009126466753585
28,RandomForestClassifier,gender_blind,0.5,Female,2256,124,26,27,2079,0.9871794871794872,0.17333333333333334,0.9330673758865248
28,RandomForestClassifier,gender_blind,0.5,Male,1534,43,14,21,1456,0.985781990521327,0.24561403508771928,0.9582790091264668
29,LogisticRegression,gender_aware,0.5,Female,2254,134,4,148,1968,0.9300567107750473,0.028985507246376812,0.8748890860692103
29,LogisticRegression,gender_aware,0.5,Male,1536,66,3,83,1384,0.9434219495569189,0.043478260869565216,0.9029947916666666
29,RandomForestClassifier,gender_aware,0.5,Female,2254,111,27,21,2095,0.9900756143667296,0.1956521739130435,0.9414374445430346
29,RandomForestClassifier,gender_aware,0.5,Male,1536,48,21,10,1457,0.9931833674164963,0.30434782608695654,0.9622395833333334
29,LogisticRegression,gender_blind,0.5,Female,2254,134,4,145,1971,0.9314744801512287,0.028985507246376812,0.8762200532386868
29,LogisticRegression,gender_blind,0.5,Male,1536,66,3,85,1382,0.9420586230402181,0.043478260869565216,0.9016927083333334
29,RandomForestClassifier,gender_blind,0.5,Female,2254,113,25,25,2091,0.9881852551984878,0.18115942028985507,0.9387755102040817
29,RandomForestClassifier,gender_blind,0.5,Male,1536,53,16,16,1451,0.989093387866394,0.2318840579710145,0.955078125
