seed,model,gender_mode,predictor_count,threshold,train_rows,test_rows,id_overlap,accuracy,balanced_accuracy,f1_class1,macro_f1,roc_auc,average_precision,brier_score,demographic_parity_difference,equal_opportunity_difference,fpr_difference,equalized_odds_difference
0,LogisticRegression,gender_aware,15,0.5,8842,3790,0,0.9387862796833774,0.9494176067608582,0.9666187050359712,0.7991823683910015,0.9894031261418319,0.9993344965043082,0.04012472715248065,0.0366625082004548,0.018882074367097768,0.032237266279819474,0.032237266279819474
0,RandomForestClassifier,gender_aware,15,0.5,8842,3790,0,0.9812664907651715,0.9036074808441904,0.9900990099009901,0.9082524389358251,0.9736416329931602,0.9974020133830824,0.014863070614181491,0.024552603150653107,0.00514992055458896,0.08639587362991619,0.08639587362991619
0,LogisticRegression,gender_blind,14,0.5,8842,3790,0,0.9382585751978891,0.9468625999587423,0.9663309352517986,0.7974511819116136,0.9895291911212502,0.9993458856053776,0.04002869637278189,0.0333721977739907,0.01588617920794566,0.025145067698259187,0.025145067698259187
0,RandomForestClassifier,gender_blind,14,0.5,8842,3790,0,0.9804749340369393,0.9213961258276806,0.9896532438478747,0.9083780237930963,0.9730045666533186,0.9972420450161926,0.014862565607601077,0.02198083632919423,0.002243695814713842,0.07640232108317214,0.07640232108317214
1,LogisticRegression,gender_aware,15,0.5,8842,3790,0,0.933509234828496,0.9466266494625049,0.9636363636363636,0.7879720279720279,0.9895473930166744,0.999387153890939,0.044305535121116194,0.026910496963574615,0.005000526371196967,0.00992063492063492,0.00992063492063492
1,RandomForestClassifier,gender_aware,15,0.5,8842,3790,0,0.978891820580475,0.9023515500599314,0.9888299357721307,0.8987211879817592,0.98021116895269,0.9982977123176536,0.0160412175728889,0.022809626194261967,0.0031936376077864592,0.012896825396825407,0.012896825396825407
1,LogisticRegression,gender_blind,14,0.5,8842,3790,0,0.933245382585752,0.9464871015975871,0.96348679463126,0.7874269610637099,0.989515708235751,0.9993852324380736,0.04422426810842621,0.02627798589463093,0.004341764842870188,0.00992063492063492,0.00992063492063492
1,RandomForestClassifier,gender_blind,14,0.5,8842,3790,0,0.9781002638522427,0.9064847286097393,0.9883997204751922,0.8965528014140667,0.9807868881635098,0.9984846992771018,0.016749287239512918,0.027063685475066213,0.0033288990547649666,0.06944444444444442,0.06944444444444442
2,LogisticRegression,gender_aware,15,0.5,8842,3790,0,0.9337730870712401,0.9353866419660204,0.963838063679585,0.7855184058617017,0.9890640315715248,0.999349048610161,0.04263096815220586,0.029451147886174533,0.012902415470082085,0.015975454930173508,0.015975454930173508
2,RandomForestClassifier,gender_aware,15,0.5,8842,3790,0,0.9773087071240105,0.8696515078584999,0.9880289532293987,0.8854286180288408,0.9773784147092888,0.997977314531362,0.01719373778523742,0.03146658636329158,0.007091394138866058,0.21720270842149808,0.21720270842149808
2,LogisticRegression,gender_blind,14,0.5,8842,3790,0,0.9350923482849605,0.9360843812906088,0.9645839331989634,0.7882856574512167,0.9891253787005464,0.9993522761318503,0.04266199580020094,0.026117944815949756,0.01050892576208784,0.005924672027084216,0.01050892576208784
2,RandomForestClassifier,gender_blind,14,0.5,8842,3790,0,0.9783641160949869,0.8952447211132548,0.9885570750767513,0.8952447211132548,0.978210308744595,0.9980272535781316,0.016363242366701603,0.021031936682934127,0.003554027823436723,0.05543800253914516,0.05543800253914516
3,LogisticRegression,gender_aware,15,0.5,8842,3790,0,0.9393139841688655,0.9474207914184131,0.9669255104975554,0.7997566849612378,0.9895163823800259,0.9993729428997213,0.03956388936081317,0.019068398006513054,0.0007755650705160155,0.0029013539651837547,0.0029013539651837547
3,RandomForestClassifier,gender_aware,15,0.5,8842,3790,0,0.9775725593667546,0.8788947000125391,0.9881566113975199,0.8886192486267996,0.9806311608359928,0.9983183275050895,0.016598465741121785,0.022426299041954145,0.001857971653080659,0.08220502901353968,0.08220502901353968
3,LogisticRegression,gender_blind,14,0.5,8842,3790,0,0.9393139841688655,0.9474207914184131,0.9669255104975554,0.7997566849612378,0.9895298652655253,0.9993735391657652,0.039627110326568384,0.017982801749213517,0.001919595390672213,0.0029013539651837547,0.0029013539651837547
3,RandomForestClassifier,gender_blind,14,0.5,8842,3790,0,0.9754617414248021,0.884606050310039,0.9870166131509144,0.8819975152085507,0.9688700398149609,0.9968385856016828,0.017807649332334287,0.020073505464788477,0.0019802612463321045,0.10348162475822054,0.10348162475822054
4,LogisticRegression,gender_aware,15,0.5,8842,3790,0,0.9356200527704486,0.9477430323818461,0.9648313635053329,0.7923845291046914,0.9909799496009739,0.9994647381540961,0.04241888547654349,0.02488888888888896,0.009173287438469346,0.0081464240372408,0.009173287438469346
4,RandomForestClassifier,gender_aware,15,0.5,8842,3790,0,0.979155672823219,0.9002151868525687,0.9889741800418702,0.8993063671293688,0.985423652486716,0.9987926817686061,0.015695847059640708,0.029004329004329032,0.008570852985397392,0.13552687261955143,0.13552687261955143
4,LogisticRegression,gender_blind,14,0.5,8842,3790,0,0.9358839050131926,0.9478825802467639,0.9649805447470817,0.7929426904702648,0.9912266864056111,0.9994784278941296,0.04258730983583732,0.020069264069264126,0.005240407389862645,0.01375370292001693,0.01375370292001693
4,RandomForestClassifier,gender_blind,14,0.5,8842,3790,0,0.9767810026385224,0.8944074339237489,0.9877094972067039,0.8890928438414472,0.9871103614626774,0.9990672901691631,0.017479240392204495,0.02247619047619054,0.003815418202788634,0.0992382564536606,0.0992382564536606
5,LogisticRegression,gender_aware,15,0.5,8842,3790,0,0.9424802110817943,0.960474921158827,0.9686601495112134,0.8096505875761195,0.9935524841542389,0.9996241238274436,0.03907413487548061,0.025639249639249684,0.0038405227044272516,0.0273972602739726,0.0273972602739726
5,RandomForestClassifier,gender_aware,15,0.5,8842,3790,0,0.9799472295514512,0.9165652079532844,0.989376572546827,0.9054864083391412,0.9872802458199684,0.9990442639715658,0.014535382261224075,0.024049062049062098,0.0013384467462086436,0.036492252414102866,0.036492252414102866
5,LogisticRegression,gender_blind,14,0.5,8842,3790,0,0.9422163588390501,0.9603353732939094,0.9685118619698059,0.8090559309849029,0.9935558548756136,0.9996240775740388,0.039142735184427416,0.029365079365079372,0.007770060954760849,0.0273972602739726,0.0273972602739726
5,RandomForestClassifier,gender_blind,14,0.5,8842,3790,0,0.9802110817941952,0.9212565779627631,0.9895119563697385,0.9073433907722819,0.9861186952342045,0.9988386839383182,0.01459470512701602,0.026476190476190542,0.004116567303465213,0.02694812485964518,0.02694812485964518
6,LogisticRegression,gender_aware,15,0.5,8842,3790,0,0.9432717678100264,0.9540658315367387,0.9691313711414213,0.809768937603231,0.9929619337693698,0.9995859886326844,0.03708248804636506,0.022092239975269767,0.003279382172745593,0.022789115646258507,0.022789115646258507
6,RandomForestClassifier,gender_aware,15,0.5,8842,3790,0,0.9802110817941952,0.8802901786617157,0.9895644914428829,0.8993623983931972,0.9799138713274306,0.998120291448237,0.014627809347190495,0.023797055444567006,0.0009399932454037252,0.09591836734693876,0.09591836734693876
6,LogisticRegression,gender_blind,14,0.5,8842,3790,0,0.9432717678100264,0.9540658315367387,0.9691313711414213,0.809768937603231,0.9930104721571673,0.9995886929160943,0.0371085106411753,0.024278048712968125,0.0009788385946843947,0.022789115646258507,0.022789115646258507
6,RandomForestClassifier,gender_blind,14,0.5,8842,3790,0,0.9812664907651715,0.9081593029887512,0.9900934840239989,0.9090903255471083,0.981521705423221,0.99824823146506,0.014080271155636872,0.022865635626260095,0.0005794698797656483,0.036734693877551045,0.036734693877551045
7,LogisticRegression,gender_aware,15,0.5,8842,3790,0,0.9348284960422164,0.9541521220039343,0.9643527204502814,0.7924682189040961,0.9907278196421373,0.9994603365649872,0.04325426378205584,0.02326587464059071,0.006254878805468267,0.03496503496503497,0.03496503496503497
7,RandomForestClassifier,gender_aware,15,0.5,8842,3790,0,0.9773087071240105,0.8855828853644626,0.9880055788005578,0.8891247406197911,0.9814772119010734,0.9983807859020948,0.0164551742972627,0.026870181496075674,0.00540453812037911,0.11505681818181818,0.11505681818181818
7,LogisticRegression,gender_blind,14,0.5,8842,3790,0,0.9343007915567282,0.953873026274099,0.964053702901689,0.7913683522165413,0.9907365835177118,0.9994607382941916,0.04323670077175818,0.021950950248743273,0.00488219520903721,0.03496503496503497,0.03496503496503497
7,RandomForestClassifier,gender_blind,14,0.5,8842,3790,0,0.9738786279683377,0.8792169409759721,0.9861751152073732,0.8749491327826842,0.9808023934818338,0.9983574604599947,0.01849038785400107,0.023149391695345467,0.00016819570878190415,0.14630681818181818,0.14630681818181818
8,LogisticRegression,gender_aware,15,0.5,8842,3790,0,0.946174142480211,0.9624285912676744,0.9707317073170731,0.8181527389044383,0.9923403727478526,0.9995069684571598,0.03589862230967118,0.028277907925910672,0.011783670041794925,0.015023275497249258,0.015023275497249258
8,RandomForestClassifier,gender_aware,15,0.5,8842,3790,0,0.9810026385224274,0.8943642886901512,0.9899693507940931,0.9054324365910764,0.9781496357598483,0.9978577185933809,0.014490120501413562,0.02655877917043814,0.00614826755211495,0.13584426576385952,0.13584426576385952
8,LogisticRegression,gender_blind,14,0.5,8842,3790,0,0.9456464379947229,0.9621494955378391,0.9704362801377727,0.8169174864741151,0.9923289122951783,0.9995065940397206,0.035939729910608884,0.024792906732792552,0.00812025623948287,0.015023275497249258,0.015023275497249258
8,RandomForestClassifier,gender_blind,14,0.5,8842,3790,0,0.9812664907651715,0.9149870362055924,0.9900851836335707,0.9103170548239452,0.9773170675802669,0.9976790215075443,0.014016443833997342,0.02208840961546399,0.0030228150950923904,0.0910918324164198,0.0910918324164198
9,LogisticRegression,gender_aware,15,0.5,8842,3790,0,0.9337730870712401,0.9558698416165441,0.9637440416004622,0.7908522338900332,0.991417469235426,0.9994859305561428,0.04042265883314988,0.03031985655619185,0.004163843912469156,0.026490066225165563,0.026490066225165563
9,RandomForestClassifier,gender_aware,15,0.5,8842,3790,0,0.9817941952506596,0.9084383987185866,0.9903752266703864,0.9112460074957771,0.987841133856739,0.9990774469000242,0.013841214575740241,0.028885418474174362,0.004121381968986038,0.006385998107852425,0.006385998107852425
9,LogisticRegression,gender_blind,14,0.5,8842,3790,0,0.933245382585752,0.9555907458867088,0.9634445889322353,0.7897647830852375,0.9914356711308501,0.9994871163619967,0.040494744808565616,0.03230088495575223,0.006264745070715283,0.026490066225165563,0.026490066225165563
9,RandomForestClassifier,gender_blind,14,0.5,8842,3790,0,0.9804749340369393,0.9054647483217177,0.9896734579960926,0.9054647483217177,0.9849079321163681,0.9987480239610671,0.014898536405560464,0.030212852102492915,0.0048654310241113,0.024243140964995274,0.024243140964995274
10,LogisticRegression,gender_aware,15,0.5,8842,3790,0,0.9369393139841689,0.9507166827787148,0.9655669211929117,0.7957725059798675,0.9892298710631661,0.9993038517841295,0.038874962411806054,0.030088237616771374,0.012541047278833095,0.025793650793650792,0.025793650793650792
10,RandomForestClassifier,gender_aware,15,0.5,8842,3790,0,0.9807387862796834,0.9056042961866355,0.9898144272359425,0.906529489647027,0.9748726204392454,0.9974919424762901,0.01501703366551236,0.020007339585917272,0.0006474426017231139,0.03968253968253968,0.03968253968253968
10,LogisticRegression,gender_blind,14,0.5,8842,3790,0,0.9369393139841689,0.9552685049232756,0.96554706645524,0.7969259438030477,0.9892730162967637,0.9993063150912164,0.03888718572732786,0.03184416386786881,0.013478254401607215,0.011904761904761904,0.013478254401607215
10,RandomForestClassifier,gender_blind,14,0.5,8842,3790,0,0.978891820580475,0.900075638987651,0.9888330541596874,0.8982626809259975,0.9711904444093888,0.9971330430697879,0.01654321823847838,0.016922855377640267,0.001831725722357791,0.042658730158730174,0.042658730158730174
11,LogisticRegression,gender_aware,15,0.5,8842,3790,0,0.9398416886543536,0.9499757982205288,0.9672131147540983,0.8014979311789661,0.9908417500246064,0.999458376371096,0.039555375697382954,0.025434343434343476,0.0009351452656584103,0.03817651021783068,0.03817651021783068
11,RandomForestClassifier,gender_aware,15,0.5,8842,3790,0,0.9794195250659631,0.898078823645206,0.9891183035714286,0.8998989576109571,0.9812480028475854,0.9983643012208513,0.01581878342857464,0.02001443001442993,0.00036184658733040553,0.004940489557601624,0.004940489557601624
11,LogisticRegression,gender_blind,14,0.5,8842,3790,0,0.9387862796833774,0.9494176067608582,0.9666187050359712,0.7991823683910015,0.9908511880444557,0.9994583877869363,0.03964193011846394,0.02174314574314573,0.00292080251531579,0.03817651021783068,0.03817651021783068
11,RandomForestClassifier,gender_blind,14,0.5,8842,3790,0,0.9778364116094986,0.8972415364557,0.9882714325607372,0.8936572473808471,0.9845344561880377,0.9987308007885161,0.01608429557350376,0.019399711399711417,0.0009643886399453017,0.004940489557601624,0.004940489557601624
12,LogisticRegression,gender_aware,15,0.5,8842,3790,0,0.9364116094986807,0.9458857649043186,0.9652887800662537,0.7934764151508662,0.9892575109784395,0.9993724379526623,0.04152472784960445,0.005806134852294087,0.008490364039423492,0.0018641259320629697,0.008490364039423492
12,RandomForestClassifier,gender_aware,15,0.5,8842,3790,0,0.978891820580475,0.8841442614816882,0.988854834215659,0.8949249295456405,0.9747357691514277,0.99776951221136,0.017136389808426213,0.014610142895270406,0.0024783862410457935,0.004763877381938703,0.004763877381938703
12,LogisticRegression,gender_blind,14,0.5,8842,3790,0,0.9366754617414248,0.9460253127692364,0.9654377880184332,0.7940396487261977,0.9892494212471399,0.9993715517651698,0.041477776696900566,0.007534759958986448,0.006671641389178529,0.0018641259320629697,0.006671641389178529
12,RandomForestClassifier,gender_blind,14,0.5,8842,3790,0,0.9775725593667546,0.8925501664462214,0.9881367759944173,0.8916587494429917,0.9709915718482743,0.997247936762925,0.017412719310811228,0.01282578349063912,0.0010401401128031784,0.008699254349627178,0.008699254349627178
13,LogisticRegression,gender_aware,15,0.5,8842,3790,0,0.9393139841688655,0.9496967024906935,0.966915995397008,0.8003369785902237,0.9903064794702844,0.9994323904709319,0.04056358567402815,0.026175457307446748,0.003692967387626478,0.01706367384333486,0.01706367384333486
13,RandomForestClassifier,gender_aware,15,0.5,8842,3790,0,0.9773087071240105,0.8901347075090233,0.9879988836170807,0.8901347075090233,0.9868191311358927,0.9991523596961754,0.016165367027219414,0.02098959904761244,9.044532937718675e-05,0.0413421896472744,0.0413421896472744
13,LogisticRegression,gender_blind,14,0.5,8842,3790,0,0.9390501319261214,0.9495571546257757,0.9667673716012085,0.7997588845287442,0.9902849068534855,0.999430928821149,0.040587828919337945,0.025500693474788116,0.002990226698940668,0.01706367384333486,0.01706367384333486
13,RandomForestClassifier,gender_blind,14,0.5,8842,3790,0,0.9786279683377309,0.9067638243395746,0.9886824088305156,0.898596523564194,0.984641645127757,0.9987480545915878,0.016333521279496555,0.01824084274143567,0.0013150360479945444,0.006184150251946879,0.006184150251946879
14,LogisticRegression,gender_aware,15,0.5,8842,3790,0,0.9366754617414248,0.9528530459860776,0.9654078985298357,0.7957880614144506,0.9902080544061396,0.9993755379037325,0.04230046227562353,0.019792290670984647,0.005707551604630878,0.021739130434782608,0.021739130434782608
14,RandomForestClassifier,gender_aware,15,0.5,8842,3790,0,0.9804749340369393,0.9031888372494374,0.9896763392857143,0.9050323444001387,0.9769867368855343,0.9979104266269126,0.015170402500000079,0.027003491662938917,0.006328719958761719,0.1811594202898551,0.1811594202898551
14,LogisticRegression,gender_blind,14,0.5,8842,3790,0,0.9364116094986807,0.9527134981211599,0.9652587573879199,0.7952265793160439,0.990315243345859,0.9993829481166402,0.04245803195010506,0.01692554035322391,0.002688919796012934,0.021739130434782608,0.021739130434782608
14,RandomForestClassifier,gender_blind,14,0.5,8842,3790,0,0.979155672823219,0.9115947422139707,0.9889587700908455,0.9015382085748345,0.9795323056678006,0.9981187157190393,0.015458254160725812,0.0172754914211124,7.002733011074458e-05,0.10144927536231885,0.10144927536231885
15,LogisticRegression,gender_aware,15,0.5,8842,3790,0,0.9403693931398417,0.9570826271672053,0.9674820143884892,0.8043759278291653,0.992049816565343,0.9995274893153637,0.037607010286499,0.018316171390786673,0.002897981983053688,0.034013605442176874,0.034013605442176874
15,RandomForestClassifier,gender_aware,15,0.5,8842,3790,0,0.9804749340369393,0.8963611040325963,0.9896849735154726,0.9037094818316279,0.9857175793906006,0.9988043330333998,0.01506805106628174,0.026785872448032766,0.005054416763750957,0.049659863945578225,0.049659863945578225
15,LogisticRegression,gender_blind,14,0.5,8842,3790,0,0.9403693931398417,0.9570826271672053,0.9674820143884892,0.8043759278291653,0.9920228507943442,0.9995252989424424,0.0375888604463751,0.018316171390786673,0.002897981983053688,0.034013605442176874,0.034013605442176874
15,RandomForestClassifier,gender_blind,14,0.5,8842,3790,0,0.9796833773087071,0.9027701936546844,0.9892533147243545,0.9018555730248279,0.9834517804824445,0.9985194913687491,0.014867419918872925,0.026332563686105814,0.0020775605359828475,0.09353741496598639,0.09353741496598639
16,LogisticRegression,gender_aware,15,0.5,8842,3790,0,0.9358839050131926,0.9592621356081659,0.964930004329629,0.7958290574643536,0.9923228449967035,0.9995530317551813,0.0425052758545851,0.023944744430097087,0.006291856203679447,0.024256993006993008,0.024256993006993008
16,RandomForestClassifier,gender_aware,15,0.5,8842,3790,0,0.9794195250659631,0.909458379006608,0.989103101424979,0.9021344891011152,0.9856649961371533,0.9987986981367047,0.01508535311670674,0.029495089425806142,0.0057427511274282805,0.18498688811188813,0.18498688811188813
16,LogisticRegression,gender_blind,14,0.5,8842,3790,0,0.9356200527704486,0.9591225877432481,0.9647806004618937,0.7952737358137689,0.99238891113565,0.999556635300585,0.04244911857398366,0.022155378601622533,0.0044124281870456805,0.024256993006993008,0.024256993006993008
16,RandomForestClassifier,gender_blind,14,0.5,8842,3790,0,0.9767810026385224,0.9148906335742725,0.9876785214225707,0.8933826397067192,0.9831834710610088,0.9984974982915895,0.016360437953547285,0.026406257828658575,0.0058739878935716305,0.11549388111888112,0.11549388111888112
17,LogisticRegression,gender_aware,15,0.5,8842,3790,0,0.9422163588390501,0.946679906860227,0.9685660973159179,0.8056533586090193,0.9882388789789681,0.9992539649914505,0.038620390496601244,0.028629570138148486,0.012719904801723914,0.005223880597014931,0.012719904801723914
17,RandomForestClassifier,gender_aware,15,0.5,8842,3790,0,0.9770448548812665,0.896822892860947,0.9878474647297109,0.8905983166878958,0.9810673321818949,0.9983312293286901,0.01650187482660692,0.01975469764736837,0.002706075322419843,0.045309168443496806,0.045309168443496806
17,LogisticRegression,gender_blind,14,0.5,8842,3790,0,0.9427440633245383,0.9469590025900623,0.9688621036016645,0.8068533103933035,0.988277305202641,0.9992549887307189,0.03857113928122502,0.02773989042284597,0.011771138198308329,0.005223880597014931,0.011771138198308329
17,RandomForestClassifier,gender_blind,14,0.5,8842,3790,0,0.9738786279683377,0.8883205852650937,0.9861596532923249,0.8771547680981531,0.9743400464620234,0.9974971603996035,0.01853006451758508,0.01805034364023239,0.0012137780207763793,0.04594882729211086,0.04594882729211086
18,LogisticRegression,gender_aware,15,0.5,8842,3790,0,0.9422163588390501,0.946679906860227,0.9685660973159179,0.8056533586090193,0.9901305278145186,0.9994220936778052,0.038324746622356305,0.033862740551820036,0.013995861778763885,0.02200763530204356,0.02200763530204356
18,RandomForestClassifier,gender_aware,15,0.5,8842,3790,0,0.9794195250659631,0.8798715350669628,0.9891425389755011,0.896086421002902,0.9769537038160612,0.9979374404997985,0.01660639819212479,0.0239450498492928,0.0025621862612603685,0.06635975746687625,0.06635975746687625
18,LogisticRegression,gender_blind,14,0.5,8842,3790,0,0.9422163588390501,0.946679906860227,0.9685660973159179,0.8056533586090193,0.9901763696252162,0.9994243376445613,0.038346782677476994,0.033862740551820036,0.013995861778763885,0.02200763530204356,0.02200763530204356
18,RandomForestClassifier,gender_blind,14,0.5,8842,3790,0,0.9778364116094986,0.8813101589497372,0.9882943143812709,0.8901867611510315,0.9671799601176247,0.9967428238996933,0.017591998301074933,0.024174008810572745,0.0035454333063561494,0.04996631484392547,0.04996631484392547
19,LogisticRegression,gender_aware,15,0.5,8842,3790,0,0.9440633245382586,0.9499326529869311,0.9695926563396443,0.8104542229066642,0.9893539136097595,0.9993067247327436,0.0352822382192452,0.025499304107267196,0.010544043977988138,0.0018641259320629697,0.010544043977988138
19,RandomForestClassifier,gender_aware,15,0.5,8842,3790,0,0.98311345646438,0.9068602269708945,0.9910813823857302,0.9163327704007859,0.9801848773259663,0.9981422796315234,0.01383172745301586,0.032273364837801743,0.009673741935360414,0.17812758906379453,0.17812758906379453
19,LogisticRegression,gender_blind,14,0.5,8842,3790,0,0.9448548812664908,0.950351296581684,0.9700358422939068,0.8122906484196807,0.989399081276182,0.9993094046210881,0.0353857013039004,0.020885068122055372,0.005661745156434361,0.0018641259320629697,0.005661745156434361
19,RandomForestClassifier,gender_blind,14,0.5,8842,3790,0,0.9815303430079155,0.8946433844199865,0.9902506963788301,0.907625348189415,0.9732095065129077,0.997283291776262,0.014947915936571429,0.026121050190852535,0.005590016966107947,0.14136288318144158,0.14136288318144158
20,LogisticRegression,gender_aware,15,0.5,8842,3790,0,0.9379947229551451,0.953550785310666,0.9661529598156416,0.7986180811637078,0.9924785723242202,0.9995595290002861,0.041681540103904416,0.02218856292517013,0.007803046996107121,0.0,0.007803046996107121
20,RandomForestClassifier,gender_aware,15,0.5,8842,3790,0,0.9815303430079155,0.9151265840705101,0.9902261938006144,0.9113810394840393,0.9891415581631455,0.999170254226456,0.013891971375513642,0.024645422027506636,0.003634785701307708,0.15217391304347827,0.15217391304347827
20,LogisticRegression,gender_blind,14,0.5,8842,3790,0,0.9390501319261214,0.9541089767703366,0.9667482366489132,0.8009096633481533,0.9925041898066689,0.9995609207886295,0.04167927150069002,0.020413940032534827,0.005912687827865137,0.0,0.005912687827865137
20,RandomForestClassifier,gender_blind,14,0.5,8842,3790,0,0.979155672823219,0.9229742975753727,0.9889433170048986,0.9036670608012999,0.9843888410246453,0.9985785883020408,0.015187956452518898,0.02124059542295187,0.0016986816452181364,0.11594202898550723,0.11594202898550723
21,LogisticRegression,gender_aware,15,0.5,8842,3790,0,0.9414248021108179,0.9485371743377544,0.9681126113185866,0.8044446551738564,0.9916291505377648,0.999501385224491,0.038899998209212375,0.02512115848790486,0.0009080252070906569,0.011455681555195558,0.011455681555195558
21,RandomForestClassifier,gender_aware,15,0.5,8842,3790,0,0.9794195250659631,0.9026306457897668,0.9891122278056952,0.9008061139028476,0.9900590685213725,0.9993883984071017,0.014894694415484445,0.0328422379837644,0.008248975071404985,0.0803054848414719,0.0803054848414719
21,LogisticRegression,gender_blind,14,0.5,8842,3790,0,0.9408970976253298,0.9505339896801994,0.9678068410462777,0.8038391118414668,0.9916642060400631,0.9995037108360647,0.03897140342588395,0.021353173899794187,0.002331267284538252,0.005785697755149269,0.005785697755149269
21,RandomForestClassifier,gender_blind,14,0.5,8842,3790,0,0.9783641160949869,0.9089001875469374,0.988537880905787,0.8980248089974945,0.9890842558997739,0.9993375965441014,0.015943048064961354,0.030592390859857876,0.004558260633027,0.10043971302939136,0.10043971302939136
22,LogisticRegression,gender_aware,15,0.5,8842,3790,0,0.9464379947229552,0.9466367616266292,0.9709377236936292,0.8148806265526969,0.9889332475821816,0.999337153209317,0.03518892385784136,0.03978604975184852,0.011145634953896422,0.07619617224880382,0.07619617224880382
22,RandomForestClassifier,gender_aware,15,0.5,8842,3790,0,0.9762532981530343,0.8759210496156703,0.987454697518818,0.8828899103357637,0.9814954137964974,0.9983852042483541,0.016806725435238524,0.028706316348071304,0.003901800676138878,0.07380382775119615,0.07380382775119615
22,LogisticRegression,gender_blind,14,0.5,8842,3790,0,0.9469656992084433,0.949191768428745,0.9712240515390121,0.816704462744296,0.98896290993028,0.9993388086464637,0.03509080721909577,0.035356026584814515,0.007189254551396851,0.05801435406698565,0.05801435406698565
22,RandomForestClassifier,gender_blind,14,0.5,8842,3790,0,0.9765171503957784,0.8942678860588312,0.9875680961028076,0.8880833354623301,0.9704819187764012,0.9969432104429451,0.01667973963802833,0.028566051762307643,0.005987525933491944,0.0026315789473684292,0.005987525933491944
23,LogisticRegression,gender_aware,15,0.5,8842,3790,0,0.9385224274406333,0.9492780588959404,0.9664699956828321,0.7986074225640785,0.9885098849775037,0.999308352391372,0.03958102740654152,0.03623333725194611,0.006608511170149711,0.02165071770334928,0.02165071770334928
23,RandomForestClassifier,gender_aware,15,0.5,8842,3790,0,0.9778364116094986,0.8904138032388587,0.98828125,0.8921988774271845,0.9642750724368023,0.9963386631895946,0.016778838997676432,0.030282808584988996,0.0021997391335001337,0.16279904306220094,0.16279904306220094
23,LogisticRegression,gender_blind,14,0.5,8842,3790,0,0.9385224274406333,0.9492780588959404,0.9664699956828321,0.7986074225640785,0.9884094374805341,0.9993008522384521,0.03957268058091201,0.034049286927738454,0.00546024990626115,0.0031100478468899517,0.00546024990626115
23,RandomForestClassifier,gender_blind,14,0.5,8842,3790,0,0.9762532981530343,0.9032319824830352,0.9874125874125874,0.8890551309155961,0.9574938551749337,0.9954794520536631,0.01783780969750921,0.02520705258086753,0.005644202450350466,0.10322966507177031,0.10322966507177031
24,LogisticRegression,gender_aware,15,0.5,8842,3790,0,0.9356200527704486,0.9568466766709678,0.9647907647907648,0.7947030747030747,0.9941342706635333,0.999656656804554,0.04342987573108978,0.043571759795965725,0.02932058974632379,0.006503198294243071,0.02932058974632379
24,RandomForestClassifier,gender_aware,15,0.5,8842,3790,0,0.9846965699208443,0.9395602691723262,0.9918926474699469,0.9278712063640815,0.991474097354523,0.9993150078421574,0.011535328237500635,0.02727509853929977,0.008327921186213394,0.07846481876332623,0.07846481876332623
24,LogisticRegression,gender_blind,14,0.5,8842,3790,0,0.9353562005277045,0.95670712880605,0.9646413623899552,0.7941486381842249,0.9941780900414059,0.9996591028218567,0.043065949392977,0.0385201715743102,0.024001499245530633,0.006503198294243071,0.024001499245530633
24,RandomForestClassifier,gender_blind,14,0.5,8842,3790,0,0.9810026385224274,0.9353306879911985,0.9899187902548305,0.9127676143054975,0.9895325618426252,0.9990522869131406,0.013113992327530124,0.025970901924414536,0.007484918688547948,0.07132196162046908,0.07132196162046908
25,LogisticRegression,gender_aware,15,0.5,8842,3790,0,0.945910290237467,0.9531853991136352,0.9706177440160527,0.8153254557559534,0.9910864643964183,0.9994674763270115,0.036313394754563404,0.031977839572663425,0.0030684511038693296,0.044938505203405865,0.044938505203405865
25,RandomForestClassifier,gender_aware,15,0.5,8842,3790,0,0.9802110817941952,0.8848420008062765,0.9895586802171794,0.900320901821436,0.9827378616952571,0.9985913379013386,0.014927299351279608,0.031121104105523933,0.005625332616878143,0.06255912961210974,0.06255912961210974
25,LogisticRegression,gender_blind,14,0.5,8842,3790,0,0.9456464379947229,0.9530458512487174,0.9704701834862385,0.814705290418616,0.9911154526002419,0.9994690336973698,0.03634369775745178,0.029125819915826745,7.828174469715066e-05,0.044938505203405865,0.044938505203405865
25,RandomForestClassifier,gender_blind,14,0.5,8842,3790,0,0.9786279683377309,0.8840047136167706,0.9887139473317542,0.8938606957502444,0.9778220016422154,0.9980104362908591,0.016052087297759785,0.030474642454862755,0.003843859167597663,0.08703878902554399,0.08703878902554399
26,LogisticRegression,gender_aware,15,0.5,8842,3790,0,0.9437994722955145,0.9520690161942937,0.9694360740421868,0.8104136180358233,0.9917309463232845,0.9995076950550773,0.03672980263935409,0.03210113787677027,0.011935120975454794,0.057145979020979024,0.057145979020979024
26,RandomForestClassifier,gender_aware,15,0.5,8842,3790,0,0.9786279683377309,0.8862806246890509,0.9887108013937282,0.8943554006968641,0.9880831516514512,0.9991161717637521,0.015109820624677424,0.025882157123834904,0.006328719958761719,0.0924388111888112,0.0924388111888112
26,LogisticRegression,gender_blind,14,0.5,8842,3790,0,0.9424802110817943,0.9536471879419859,0.9686871588623959,0.8079681749004536,0.9920498165653427,0.9995269875302808,0.036853547482137816,0.026337843248628867,0.006601048464748072,0.041520979020979024,0.041520979020979024
26,RandomForestClassifier,gender_blind,14,0.5,8842,3790,0,0.9786279683377309,0.9044879132672942,0.9886855706104204,0.8981432603645927,0.982264612414232,0.9984306314639282,0.015611241234484752,0.025155270827707632,0.006573491413547128,0.05791083916083917,0.05791083916083917
27,LogisticRegression,gender_aware,15,0.5,8842,3790,0,0.9361477572559367,0.9525739502562423,0.9651095732410612,0.7946665878627666,0.9925817163982898,0.9995653172506673,0.042500063005984204,0.0007065103016370422,0.024184451244035565,0.016834631241410904,0.024184451244035565
27,RandomForestClassifier,gender_aware,15,0.5,8842,3790,0,0.9817941952506596,0.9084383987185866,0.9903752266703864,0.9112460074957771,0.9850117503347126,0.9987533590742758,0.013853851668333837,0.020226314560125136,0.00395813425224345,0.04122766834631242,0.04122766834631242
27,LogisticRegression,gender_blind,14,0.5,8842,3790,0,0.9369393139841689,0.9529925938509952,0.9655569966854014,0.7963510412444168,0.9927617129197054,0.9995754036384938,0.042287541666961026,0.003760346155358252,0.02099497109101267,0.016834631241410904,0.02099497109101267
27,RandomForestClassifier,gender_blind,14,0.5,8842,3790,0,0.9781002638522427,0.9064847286097393,0.9883997204751922,0.8965528014140667,0.9895069443601765,0.9993548035251935,0.015818480205613966,0.01766160122292193,0.006545625363976515,0.04122766834631242,0.04122766834631242
28,LogisticRegression,gender_aware,15,0.5,8842,3790,0,0.9353562005277045,0.945327573444648,0.9646923187779219,0.7912385150831888,0.9892588592669894,0.9993690116290455,0.04131618164197613,0.02481749378161202,0.0008236453734083993,0.011578947368421057,0.011578947368421057
28,RandomForestClassifier,gender_aware,15,0.5,8842,3790,0,0.9796833773087071,0.8845629050764412,0.9892772594346191,0.898147401647134,0.9718207693064809,0.9974106627360645,0.01683097598435309,0.03363419697263903,0.006656674903120385,0.10491228070175437,0.10491228070175437
28,LogisticRegression,gender_blind,14,0.5,8842,3790,0,0.9356200527704486,0.9454671213095658,0.9648414985590779,0.7917957492795389,0.9892736904410387,0.9993693995255691,0.04123734837863131,0.02546938426401102,0.0001465973029953771,0.011578947368421057,0.011578947368421057
28,RandomForestClassifier,gender_blind,14,0.5,8842,3790,0,0.9767810026385224,0.8966833449960293,0.9877060631461302,0.8895876287294632,0.9735479269389401,0.9975869907892873,0.01781768012145051,0.025211633239942022,0.0013974966581602466,0.07228070175438595,0.07228070175438595
29,LogisticRegression,gender_aware,15,0.5,8842,3790,0,0.9372031662269129,0.9508562306436326,0.9657159320080668,0.7963375898284848,0.9906010805184439,0.9994376938071378,0.039754959286968705,0.028105705597456287,0.01336523878187168,0.014492753623188404,0.014492753623188404
29,RandomForestClassifier,gender_aware,15,0.5,8842,3790,0,0.979155672823219,0.879731987202045,0.9890018098287624,0.8950046832519127,0.9772381927000962,0.9981048958665006,0.01695190791314942,0.020802138790298796,0.003107753049766626,0.10869565217391305,0.10869565217391305
29,LogisticRegression,gender_blind,14,0.5,8842,3790,0,0.937467018469657,0.9509957785085501,0.965864899899179,0.7969041924927607,0.9906145634039433,0.9994375903471813,0.03969516687655884,0.02547265509464658,0.010584142888989456,0.014492753623188404,0.014492753623188404
29,RandomForestClassifier,gender_blind,14,0.5,8842,3790,0,0.9783641160949869,0.8952447211132548,0.9885570750767513,0.8952447211132548,0.9764696682266366,0.9977767086945195,0.01670558561042118,0.016302614795918324,0.0009081326679062363,0.050724637681159424,0.050724637681159424
